site,mode,t,seeds,seed_names,n_scored,vocab,delta_dtype,variance_status,variance_theory,rn_bitwise_identical,lam_rms,lam_ulp_mean,lam_absmax,ulp,ulp_exact,b_mean,b_rms,b_absmax,b_y_mean,b_y_rms,ep_b_mean,bt_rms,bt_absmax,b_rms_ulp,bt_rms_ulp,b_y_mean_ulp,sigma2_mean,sigma2_rms,sd_mean,sd_rms,sigma2_y_mean,sd_y_rms,sigma2t_mean,sdt_rms,ep_sigma2_mean,var_ep_d_mean,ep_sigma2t_mean,sd_rms_ulp,sdt_rms_ulp,sd_y_rms_ulp,frac_zero_var,drift_over_fluct,drift_over_fluct_centered,D,Q_naive,Q,V,R,K,dL,bq_y_mean,bq_rms,bq_l1_mean,varq_y_mean,varq_rms,varq_sum_mean,varq_mean,sd_q_y_over_p_y,bias_logq_y_mean,ep_bias_logq_mean,var_logq_y_mean,ep_var_logq_mean,coord_skew,coord_exkurt,z_clip_bound,z_pool_skew,z_pool_exkurt,w_pool_skew,w_pool_exkurt,bn_pool_skew,bn_pool_exkurt,z_absmax,w_absmax,bn_absmax,u_scale,z_under,z_over,w_under,w_over,bn_under,bn_over,z_ks_vs_normal,w_ks_vs_normal,zy_skew,zy_exkurt,z_q001,z_q01,z_q05,z_q25,z_q50,z_q75,z_q95,z_q99,z_q999,w_q001,w_q01,w_q05,w_q25,w_q50,w_q75,w_q95,w_q99,w_q999,bn_q001,bn_q01,bn_q05,bn_q25,bn_q50,bn_q75,bn_q95,bn_q99,bn_q999,zy_q001,zy_q01,zy_q05,zy_q25,zy_q50,zy_q75,zy_q95,zy_q99,zy_q999,se_b_mean,se_b_rms,se_b_absmax,se_bt_rms,se_bt_absmax,se_sigma2_mean,se_sigma2_rms,se_sd_mean,se_sd_rms,se_sigma2t_mean,se_sdt_rms,se_frac_zero_var,se_b_y_mean,se_b_y_rms,se_ep_b_mean,se_sigma2_y_mean,se_sd_y_rms,se_ep_sigma2_mean,se_var_ep_d_mean,se_ep_sigma2t_mean,se_D,se_Q,se_Q_naive,se_V,se_R,se_K,se_dL,se_bq_y_mean,se_bq_rms,se_bq_l1_mean,se_varq_y_mean,se_varq_rms,se_varq_sum_mean,se_varq_mean,se_sd_q_y_over_p_y,se_bias_logq_y_mean,se_ep_bias_logq_mean,se_var_logq_y_mean,se_ep_var_logq_mean,se_coord_skew,se_coord_exkurt,se_z_pool_skew,se_z_pool_exkurt,se_w_pool_skew,se_w_pool_exkurt,ep_d_abserr,d_y_abserr,dL_abserr,K_abserr,probability_sum_error,probability_bias_sum_error,nonfinite_delta,meta_mismatch,stored_check_error,QV_sum_abserr,ep_sigma2t_vs_2V_abserr,bq_sum_identity,D_decompose_abserr,Q_decompose_abserr,V_decompose_abserr,gram_check_skipped,root,chunk,budget_bytes,hist_bin_width_z,hist_bin_width_w,script_version,elapsed_s,quadratic_D,quadratic_Q,quadratic_V,quadratic_R,quadratic_Q_naive,quadratic_V_naive,quadratic_A,quadratic_B,quadratic_dL,quadratic_R_bound,quadratic_se_D,quadratic_se_Q,quadratic_se_V,quadratic_se_R,quadratic_se_dL,pool,status,source_version
lm_head,sr,6,32,seed1;seed2;seed3;seed4;seed5;seed6;seed7;seed8;seed9;seed10;seed11;seed12;seed13;seed14;seed15;seed16;seed17;seed18;seed19;seed20;seed21;seed22;seed23;seed24;seed25;seed26;seed27;seed28;seed29;seed30;seed31;seed32,1020,50257,float32,measured,,,60.22255426380959,42.4367769451745,140.2028045654297,1.8819548207440497,1.3261492795367031,-0.00011439285102671062,0.754369500237493,6.118400573730469,-0.011096276269082035,0.6289640951294556,0.004104764510506946,0.7972892161989923,6.691662739402539,0.40084357601063214,0.42364949860155304,-0.00589614381109054,18.203845541435047,21.161068016156655,4.062527825371114,4.266596482143003,11.489958859451777,3.3896841828482747,9.212844095495942,4.516652911646003,11.409508725157307,2.196664629661364,9.212844095495942,2.267108878020866,2.3999794585187217,1.801150668169669,0.0,0.17680826002523503,0.17652213526153737,0.015201040779588969,0.14558296183973238,0.0016322728476082793,4.606422047747971,-0.22319312193203977,4.38486119866354,4.400062239443129,-0.10868763062946449,0.0013501942406861935,1.1215112081212741,0.02050652008613798,0.00029952974784670236,0.17069156806131927,3.3963739988721823e-06,2.97302601252718,-4.4000622394431295,-4.38486119866354,10.938095830543153,10.763645158306007,-0.14505166816993814,0.08723146359129498,5.480077554195743,-0.13816185209378684,-0.10763306615404034,-0.1662448042336164,0.16148911218286077,-0.038765492762995166,0.8021039939537271,4.958548057648934,8.20095606836182,3.251087914698982,1.8819548207440497,23490,823,0,0,0,0,0.010918001079781914,0.012318145345084686,-0.08442907376046992,-0.13940340556177766,-3.0969224373614006,-2.3577177920827763,-1.6644979021660364,-0.6614508633081094,0.027241195400914495,0.6875500436420499,1.5714318774423786,2.156720815348824,2.7778187942765915,-3.3762864415951057,-2.4272646156096687,-1.6574637384117075,-0.6424647825346277,0.026362408258925437,0.6708202563645894,1.569318227993295,2.196609727985967,2.910359105127963,-1.448398974008208,-1.01409677289392,-0.6651462125873114,-0.24147828237200927,0.0017815685878671268,0.24398484007334842,0.6573553117362594,0.9931104903786475,1.4115000344946513,-3.0008835057948255,-2.3355354350071558,-1.6579196509034764,-0.6695655922568238,0.017214684747116536,0.6774001657418347,1.5953622437442534,2.1765770849435597,2.7885709997817996,9.273133818075421e-05,0.00011203430215917547,0.9496776588647767,0.006073892038029455,0.9000548935801254,0.0008559043543489006,0.0011919297889675224,9.085615249025389e-05,0.00010030292475184886,0.01877824263119004,0.003912383148497855,0.0,0.01742308530939301,0.018430599262809523,0.008020994324332195,0.11952108645462542,0.017631468076764786,0.04014440510411615,0.03533832183307964,0.01877824263119004,0.015751891199856205,0.0021735602284459156,0.0021049901299814875,0.00938912131559502,0.009161151777978849,0.007019789937462121,0.016450969868571187,0.00083210403253977,6.486902065975797e-06,0.002286758014891384,0.0003394322070475186,2.699624498712148e-06,0.0009914018899232534,1.972664285419464e-08,0.33088058879654264,0.016450969868570815,0.007019789937462333,0.12366059160227133,0.03396025162584086,0.002038761338190628,0.004181473837012597,,,,,5.606317255176672e-08,5.9602346258280924e-08,6.477104872434283e-08,7.054393737068957e-08,1.7763568394002505e-15,8.881784197001252e-16,0,,,0.0,0.0,sum_j (mean_s q_j - p_j) == 0 identically,1.723372312911753e-11,3.491130995403324e-17,0.0,,<capture-root>/256/tok1024,26,700000000,0.009999999999999787,0.019999999999999574,distributions-2,0,0.015201040762355246,0.0016322728476083142,4.606422047747971,-0.22319312193076363,0.14558296183973238,4.462471358755847,4.608054320595579,0.14558296183973238,4.400062239427171,43393240.174547814,0.01575189120024917,0.0021735602284459364,0.009389121315594667,0.009161151777755052,0.01645096986929664,seeds_1_32,complete,distributions-2
lm_head,rn,6,1,seed1,1020,50257,float32,degenerate_S1,0 by eq:rn-degenerate,,60.22255426380959,42.4367769451745,140.2028045654297,1.8819548207440497,1.3261492795367031,1.2781288959401556,2.3877874087455346,18.07408905029297,-3.802325909592065,4.853880767507238,-3.7614642769219633,6.124385899698859,30.71190163030489,1.2687804098301887,3.2542682917741463,-2.020412959801435,,,,,,,,,,,,,,,,,,0.0408616326701025,1.575612310046021,1.575612310046021,0.0,0.5004110400679946,2.0760233501140157,2.1168849827841183,-0.16152425794119876,0.0018381255107460307,1.315723489981925,,,,,,-2.1168849827841183,-2.076023350114016,,,,,,,,,,,,,,9.60389104513529,1.8819548207440497,0,0,0,0,1,155,,,,,,,,,,,,,,,,,,,,,,,-2.765362589928057,-1.7681614263130156,-0.9861445587877805,-0.03171820529191431,0.6227756857429677,1.3573837285380748,2.4972471949427324,3.3992305894848664,4.729037731481475,,,,,,,,,,,,,,,,,,,,,,,,,,,,,,,,,,,,,,,,,,,,,,,,,,,,,,,3.302169261936434e-08,4.3347616806547256e-08,5.223198367705166e-08,3.693541361649011e-08,1.2212453270876722e-15,1.3322676295501878e-15,0,,,0.0,,sum_j (mean_s q_j - p_j) == 0 identically,1.0927516530534476e-10,1.1102230246251565e-15,0.0,,<capture-root>/256/tok1024,94,700000000,0.009999999999999787,0.019999999999999574,distributions-2,0,0.04086163256082734,1.57561231004602,0.0,0.5004110401274464,1.57561231004602,0.0,1.57561231004602,1.57561231004602,2.1168849827342937,8750137.911355063,,,,,,seeds_1_1,complete,distributions-2
lm_head,sr,7,32,seed1;seed2;seed3;seed4;seed5;seed6;seed7;seed8;seed9;seed10;seed11;seed12;seed13;seed14;seed15;seed16;seed17;seed18;seed19;seed20;seed21;seed22;seed23;seed24;seed25;seed26;seed27;seed28;seed29;seed30;seed31;seed32,1020,50257,float32,measured,,,60.22255426380959,42.4367769451745,140.2028045654297,0.9409774103720249,0.6630746397683516,3.608285251556583e-05,0.4892817873413635,3.6522674560546875,-0.026796199528240215,0.41830862246518546,-0.010879783664546257,0.5186815169409268,4.163232513271569,0.5199718738709371,0.5512156946848074,-0.02847698492320455,7.658587418532043,9.003865646642426,2.622796345935541,2.7674152956381595,4.823079430873399,2.196151049193429,3.902535042786569,2.9183824290962392,4.76106634050168,0.8585312977151107,3.902535042786569,2.941000777631882,3.101437289490751,2.33390411394165,0.0,0.1768009984307528,0.1777291117742754,0.01591641586369396,0.062297798495378684,0.0013206884518385462,1.9512675213932844,-0.06151865589463279,1.8910695539504903,1.9069859698141842,-0.05761183290550698,0.0008476038436556851,0.6195645821387455,0.015324392489670149,0.0002314325029342712,0.09447192263757842,1.8797764020450568e-06,4.715354735194618,-1.9069859698141842,-1.891069553950491,4.397777443380949,4.246333823585431,-0.09621558924016903,0.05015847298979897,5.480077554195743,-0.09164544039674691,-0.13916141593244324,-0.10960781657175828,0.11066473906487895,-0.024417612400858237,0.8952400779310659,4.805611493786136,8.516743500389879,3.8813550844017892,0.9409774103720249,19418,1094,0,0,0,0,0.007351312309965774,0.009136794707198082,-0.052278800601080186,-0.1549326377018243,-3.0272007457926504,-2.3157835031774954,-1.6501688106420542,-0.6676033161469009,0.018034943343848444,0.6850534640839016,1.5880681485398622,2.184647554753367,2.8118200150098116,-3.280100827810664,-2.3807157558727416,-1.6448805036577316,-0.6489202256734099,0.017445192218936655,0.6675873047697041,1.5865837258350441,2.2309946543098693,2.9621615815154967,-1.893645288197621,-1.3208450974129673,-0.8603539036315361,-0.310056532425789,0.0015272293383372442,0.3122680476910416,0.8545448953061883,1.303474829217027,1.8642965302491077,-3.0130151948595523,-2.307504670882477,-1.6369176592536754,-0.6755701020287134,0.015723329407083757,0.6788049876293887,1.6034397893837526,2.2157712915234122,2.8295490007864346,6.844091815277701e-05,5.4825223553370935e-05,0.4536778211346962,0.0039677950026937615,0.7434916146685467,0.0002497797905783789,0.00037825942673216337,3.8330302622777966e-05,4.512870241862567e-05,0.006920553729977096,0.002781532363980218,0.0,0.010506919734008064,0.015363020895774723,0.0053920968997113,0.04842101413840357,0.011029827980704687,0.020417597565149926,0.016270739483700784,0.006920553729977096,0.010133370515650187,0.0008360823954068278,0.00084791694353897,0.003460276864988548,0.003417584005939521,0.003777710400459308,0.010699451673344915,0.0007274424168673998,5.841539063718764e-06,0.0020796179103289712,0.00023948065534266572,2.6529543049825384e-06,0.0006485008242352138,1.2903691510341217e-08,1.4963248358515442,0.01069945167334511,0.0037777104004589907,0.052289974507303306,0.01331690694139758,0.001965491621136683,0.005506005702636219,,,,,2.900643747416609e-08,5.3726262864014904e-08,3.412241469617428e-08,4.97907942653697e-09,1.3322676295501878e-15,8.326672684688674e-16,0,,,0.0,0.0,sum_j (mean_s q_j - p_j) == 0 identically,1.2156661094442356e-11,1.496198998029996e-17,0.0,,<capture-root>/256/tok1024,26,700000000,0.009999999999999787,0.019999999999999574,distributions-2,0,0.01591641587585062,0.0013206884518385312,1.9512675213932844,-0.06151865589486337,0.06229779849537867,1.8902904113497443,1.952588209845123,0.06229779849537867,1.9069859698261102,11958923.163466569,0.010133370515757967,0.0008360823954068329,0.0034602768649883097,0.003417584005881596,0.010699451672936712,seeds_1_32,complete,distributions-2
lm_head,rn,7,1,seed1,1020,50257,float32,degenerate_S1,0 by eq:rn-degenerate,,60.22255426380959,42.4367769451745,140.2028045654297,0.9409774103720249,0.6630746397683516,0.32995586813130334,1.4631727171342401,12.109107971191406,-2.619342630721775,3.4458459570982636,-2.5892625274568,3.821374621012559,23.21167927259838,1.5549498861569484,4.0610694570252655,-2.783640289182066,,,,,,,,,,,,,,,,,,0.030080103264974355,0.8301428413308902,0.8301428413308902,0.0,0.16763854045318693,0.9977813817840772,1.0278614850490515,-0.10369536986913325,0.0013610829616153696,0.9733613144935432,,,,,,-1.0278614850490515,-0.9977813817840773,,,,,,,,,,,,,,12.868648957687464,0.9409774103720249,0,0,0,0,510,1764,,,,,,,,,,,,,,,,,,,,,,,-4.9410425587467355,-3.3401354912632484,-2.0969063180827883,-0.5865743239191701,0.3076654710163906,1.2842532794681283,2.8828021885237605,4.161810089881127,5.813292125984245,,,,,,,,,,,,,,,,,,,,,,,,,,,,,,,,,,,,,,,,,,,,,,,,,,,,,,,1.1909144781441228e-09,2.0489096641540527e-08,2.1095747815280674e-08,5.842633321595514e-10,9.992007221626409e-16,1.339206523454095e-15,0,,,0.0,,sum_j (mean_s q_j - p_j) == 0 identically,2.1070614003582122e-11,1.1102230246251565e-15,0.0,,<capture-root>/256/tok1024,94,700000000,0.009999999999999787,0.019999999999999574,distributions-2,0,0.03008010328604497,0.8301428413308891,0.0,0.16763854045257734,0.8301428413308891,0.0,0.8301428413308891,0.8301428413308891,1.0278614850695116,1842149.6644197467,,,,,,seeds_1_1,complete,distributions-2
lm_head,sr,8,32,seed1;seed2;seed3;seed4;seed5;seed6;seed7;seed8;seed9;seed10;seed11;seed12;seed13;seed14;seed15;seed16;seed17;seed18;seed19;seed20;seed21;seed22;seed23;seed24;seed25;seed26;seed27;seed28;seed29;seed30;seed31;seed32,1020,50257,float32,measured,,,60.22255426380959,42.4367769451745,140.2028045654297,0.47048870518601243,0.3315373198841758,-6.1605690954464695e-06,0.306077026859925,2.3705062866210938,0.008704457802677472,0.23905949107294663,0.0009380939218235681,0.32056273448612654,2.6453650484359197,0.6505512746345619,0.6813399151832749,0.018500885795411554,2.9983064924982665,3.5813830170003453,1.6303310305163476,1.7315618650508178,1.8255365703827726,1.3511241876240587,1.5312066799635082,1.8226596178272352,1.8551550952986684,0.3239484153351603,1.5312066799635082,3.6803473621459784,3.8739710384899215,2.871746277288162,0.0,0.17676355262706267,0.17587635746726232,-0.007766363880853903,0.02359468432470059,-0.0003304200497292256,0.7656033399817541,-0.017148249223765344,0.7481246707082595,0.7403583068274056,-0.02388224956906162,0.00044217824797070863,0.2894669419984516,0.008775550364207853,0.0001539594197609263,0.04893989610969737,9.737926280855874e-07,1.4466258960190532,-0.7403583068274056,-0.7481246707082595,1.6274899566283303,1.5939409923289856,-0.06508843655066286,0.029733354779069545,5.480077554195743,-0.06199679781133526,-0.15653175106763983,-0.07345496707627727,0.09302148576083091,-0.015862871320834165,1.0221093612702354,4.907731360412246,8.16307113158262,5.038391486324609,0.47048870518601243,9422,1329,0,0,0,0,0.005112655135774302,0.007480452371518342,-0.052356396560743125,-0.1579291596564767,-2.982212964650432,-2.2932350980067624,-1.640428588232691,-0.6712206827319807,0.011974518258118193,0.6831937878417107,1.5988804884721517,2.202616414753554,2.833524449114118,-3.214574495769615,-2.3575521849607135,-1.6359234890374845,-0.6520746136577498,0.011593974791199585,0.664582407088912,1.5975301442981236,2.2558451867308555,3.0038521861674528,-2.3963018847006645,-1.66685812774586,-1.0750003019141359,-0.3820922280605441,0.0011771967176648923,0.3840028885939581,1.0698181143832062,1.6525509567105454,2.378295248498086,-2.9563285778783266,-2.2886769772348576,-1.64179329686277,-0.6703636259347349,0.008964087303403354,0.6857657940849404,1.6016069936800432,2.2112926383873286,2.8843053603303748,3.8172311827571034e-05,4.0762307475738156e-05,0.2521104796117028,0.0016442628203848383,0.37279072995498436,0.0001164053371730073,0.00017194594067378575,3.0061772949310628e-05,3.361277508952079e-05,0.00262291861643558,0.0014191126189552071,0.0,0.00802509973677208,0.007842597644518749,0.003183718966788539,0.019455615937540045,0.00720259145517258,0.0059138615549375285,0.005191916285307537,0.00262291861643558,0.0075217700384538205,0.00039139496030988444,0.00038359929880789573,0.00131145930821779,0.0013832543060247457,0.0010892124954719232,0.007473088582830941,0.0005224249987551734,5.4490562936857695e-06,0.0015876477960494353,0.00017772987425004807,1.7591104930036906e-06,0.0003459605779122244,6.883828678835264e-09,0.09319888603700344,0.00747308858283099,0.0010892124954720414,0.017570303130421423,0.0036169493475657205,0.0016020180370814917,0.0033514498607715494,,,,,2.9006437252121486e-08,2.9802322387695312e-08,1.8442425364639803e-08,1.4346276666632463e-09,1.3322676295501878e-15,8.773363979752702e-16,0,,,0.0,0.0,sum_j (mean_s q_j - p_j) == 0 identically,3.0457641617132047e-12,1.1492543028346347e-17,1.1102230246251565e-16,,<capture-root>/256/tok1024,26,700000000,0.009999999999999787,0.019999999999999574,distributions-2,0,-0.007766363877808139,-0.0003304200497292141,0.765603339981754,-0.017148249223844385,0.023594684324700597,0.7416782356073243,0.7652729199320247,0.023594684324700597,0.7403583068303722,2967061.861444387,0.007521770038286302,0.0003913949603098844,0.001311459308217588,0.0013832543060260684,0.007473088582743972,seeds_1_32,complete,distributions-2
lm_head,rn,8,1,seed1,1020,50257,float32,degenerate_S1,0 by eq:rn-degenerate,,60.22255426380959,42.4367769451745,140.2028045654297,0.47048870518601243,0.3315373198841758,0.07636359251740475,0.9877681557210944,9.712760925292969,-1.4368952645975002,1.9727803505772543,-1.4176993927785784,2.1338072090923017,15.605826679584547,2.099451367978261,4.535299541885239,-3.0540483730197288,,,,,,,,,,,,,,,,,,0.01919587181892164,0.3460977493229318,0.3460977493229318,0.0,0.038320974942324004,0.3844187242652558,0.40361459608417743,-0.04061750720310888,0.0008179429740933028,0.6090673185342844,,,,,,-0.40361459608417743,-0.3844187242652557,,,,,,,,,,,,,,20.643983199241585,0.47048870518601243,0,0,0,0,19292,38115,,,,,,,,,,,,,,,,,,,,,,,-7.104925539568345,-4.895539857932124,-3.205468340950437,-1.1280198260954282,0.10619343943935443,1.4155219726371084,3.7027924018898863,5.540194432904034,7.742063541666656,,,,,,,,,,,,,,,,,,,,,,,,,,,,,,,,,,,,,,,,,,,,,,,,,,,,,,,1.4608842469066019e-08,9.313225746154785e-09,1.4541067350215542e-08,2.4189314440370424e-10,1.2212453270876722e-15,1.052977149917922e-15,0,,,0.0,,sum_j (mean_s q_j - p_j) == 0 identically,5.968892047292229e-12,6.106226635438361e-16,0.0,,<capture-root>/256/tok1024,94,700000000,0.009999999999999787,0.019999999999999574,distributions-2,0,0.01919587182489053,0.3460977493229312,0.0,0.03832097494212567,0.3460977493229312,0.0,0.3460977493229312,0.3460977493229312,0.4036145960899474,546878.1887098443,,,,,,seeds_1_1,complete,distributions-2
mlp_c_proj,sr,6,32,seed1;seed2;seed3;seed4;seed5;seed6;seed7;seed8;seed9;seed10;seed11;seed12;seed13;seed14;seed15;seed16;seed17;seed18;seed19;seed20;seed21;seed22;seed23;seed24;seed25;seed26;seed27;seed28;seed29;seed30;seed31;seed32,1020,50257,float32,measured,,,60.22255426380959,42.4367769451745,140.2028045654297,1.8819548207440497,1.3261492795367031,0.5526721422972719,5.025899303756508,30.456565618515015,0.19555594845213836,4.825575851526244,0.14239884528912566,0.5758495599206935,6.241536965390143,2.6705738354385513,0.30598479494477215,0.1039110749613125,38.868726259470144,79.1863431389929,5.150763218149041,6.234478828215727,37.059578976566605,6.0876579221049045,0.16568095640205593,0.7271251156722072,36.51228267371691,36.34660171731486,0.16568095640205593,3.3127675327247568,0.3863669348793033,3.234752426042878,0.0,0.8061458611440809,0.7919538845640567,-0.053157103163012684,0.01906814971018117,0.016479384766399048,0.08284047820102797,0.0039689213913656485,0.10328878435879266,0.050131681195779966,-0.01107267578381099,0.00028092972494310383,0.14114045718119886,0.003298781066201818,6.835661965387322e-05,0.010717447900484137,2.1325283842020289e-07,0.8472481516969685,-0.05013168119577994,-0.10328878435879267,0.2604216653161368,0.18513338453655506,0.039066264932727635,0.07927727036125898,5.480077554195743,0.037210654559087494,-0.11439762931154851,0.04507698051479322,0.33917059744998923,1.6937615522032339,5.832281414916144,4.908100692293048,12.883837986549734,16.18347331338895,1.8819548207440497,12118,24274,0,3,30059,1724862,0.004082727100281527,0.010967607986264838,0.030625487706188084,-0.16801094734959543,-2.89875598347746,-2.2347565823400886,-1.606600204970677,-0.6769982743544101,-0.008033595216199922,0.6711339006457759,1.631282881783612,2.2842652577125024,2.9918295812039526,-3.2244352105835286,-2.325300447959729,-1.6002686743893866,-0.6468425470791963,-0.007596326534426788,0.640391145925387,1.6230223252497802,2.381845468263958,3.3449659667125466,-7.769688169014084,-6.06121238300936,-3.0737615478473073,-0.6782038634723127,0.06505588798365465,0.6874508059841955,6.5625785232692,,,-2.9025502530226994,-2.229045324320064,-1.5985194342921132,-0.680147405805144,-0.0049553796710879745,0.673591339149479,1.6397599737639907,2.271912628147113,2.873874962677702,0.06261237526073346,0.14334783687239744,5.271209652624222,0.00886306165400331,0.9384691316167688,0.9237720475871448,2.926218192412445,0.04122391752592988,0.07418973392346774,0.0010766888319143368,0.004710729625193369,0.0,0.061257720347097616,0.13421507048268166,0.06183954721436236,0.8378817807639118,0.06889968593727656,0.8383249443734672,0.8382321514361365,0.0010766888319143368,0.0026104443138159216,0.00045311513812773416,0.00045941492210869095,0.0005383444159571684,0.00035179142044396817,0.0009198993658725028,0.0026548147029705413,0.00029800137899471164,4.738416278296491e-06,0.0013293583834786584,8.899677580850137e-05,1.774468899235868e-06,0.00014832744169682518,2.951378747176038e-09,0.08741287891276615,0.0026548147029705435,0.0009198993658724533,0.0054191982227431035,0.002348983679377765,0.0058762099564464675,0.017105398681414766,,,,,5.9376715023816497e-08,5.959654924060587e-08,2.6288660715151055e-06,7.959519248146307e-07,5.995204332975845e-15,9.061761757633846e-16,0,,,0.0,0.0,sum_j (mean_s q_j - p_j) == 0 identically,7.147987479694251e-10,2.067790383364354e-15,1.5543122344752192e-15,,<capture-root>/256/tok1024,26,700000000,0.009999999999999787,0.019999999999999574,distributions-2,0,-0.053157102448213936,0.01647938476639698,0.08284047820102952,0.003968921447337342,0.019068149710179155,0.08025171325724734,0.09931986296742651,0.019068149710179155,0.0501316819665499,762584663.3051782,0.002610444370498244,0.0004531151381270225,0.0005383444159570263,0.000351791416756333,0.002654814805833975,seeds_1_32,complete,distributions-2
mlp_c_proj,rn,6,1,seed1,1020,50257,float32,degenerate_S1,0 by eq:rn-degenerate,,60.22255426380959,42.4367769451745,140.2028045654297,1.8819548207440497,1.3261492795367031,5.890165832960714,16.558955064058587,99.39784240722656,4.309505134704066,15.30173151968382,4.1947292331566945,2.6027467757583245,20.07548801246031,8.798805838235712,1.3830017315342897,2.289908921936957,,,,,,,,,,,,,,,,,,-0.11477590154737109,0.28673894928483834,0.28673894928483834,0.0,0.07018587569737395,0.3569248249822123,0.2421489234348412,-0.06180943984502427,0.0010947169380950774,0.5398155391939906,,,,,,-0.2421489234348412,-0.3569248249822127,,,,,,,,,,,,,,52.81627449904914,1.8819548207440497,0,0,0,0,1574352,5300553,,,,,,,,,,,,,,,,,,,,,,,,,-6.738864014993752,-0.46415935122481383,2.2234418444273785,4.49849971719457,,,,,,,,,,,,,,,,,,,,,,,,,,,,,,,,,,,,,,,,,,,,,,,,,,,,,,,,,,5.91878422997331e-08,5.943666758575567e-08,1.4412253419335398e-06,6.285383200665536e-07,7.105427357601002e-15,6.918077222195507e-15,0,,,0.0,,sum_j (mean_s q_j - p_j) == 0 identically,1.3130172643593951e-09,2.2370993946196904e-14,0.0,,<capture-root>/256/tok1024,94,700000000,0.009999999999999787,0.019999999999999574,distributions-2,0,-0.11477590286038836,0.2867389492848607,0.0,0.07018587888866962,0.2867389492848607,0.0,0.2867389492848607,0.2867389492848607,0.24214892531314197,7325824659.700016,,,,,,seeds_1_1,complete,distributions-2
mlp_c_proj,sr,7,32,seed1;seed2;seed3;seed4;seed5;seed6;seed7;seed8;seed9;seed10;seed11;seed12;seed13;seed14;seed15;seed16;seed17;seed18;seed19;seed20;seed21;seed22;seed23;seed24;seed25;seed26;seed27;seed28;seed29;seed30;seed31;seed32,1020,50257,float32,measured,,,60.22255426380959,42.4367769451745,140.2028045654297,0.9409774103720249,0.6630746397683516,0.13848373137859515,1.5801384448582911,10.656025648117065,0.05139883015962208,1.5438538201521719,0.03451292107390596,0.15970879623360812,2.1183813315163267,1.6792522620001766,0.1697264934027116,0.05462280984970833,13.91329039286822,30.971305191576334,2.987080627708253,3.7300523311165783,13.319326614167284,3.649565263722144,0.05046111487120306,0.39464696683694117,13.037769104095988,12.987307989224787,0.05046111487120306,3.9640189976950295,0.419401106218813,3.878483397682471,0.0,0.42362366653051275,0.4046877580579405,-0.016885909085716126,0.0022247467900637224,0.0014362918702011747,0.02523055743560153,0.0006174189783474636,0.02728426828415017,0.010398359198434045,-0.00254812308299595,9.763899542592287e-05,0.04641898937071103,0.0011237568478511776,3.103850578264432e-05,0.0036295872117567875,7.222053070730024e-08,0.46915180925544814,-0.010398359198434027,-0.027284268284150155,0.08628776334492753,0.05373390424120683,0.03607931429239291,0.027159579965280237,5.480077554195743,0.03436558122907918,-0.1587205918183896,0.04239763855611823,0.31306390761152514,1.4063533384634912,7.452300344908519,4.767148614058087,11.55122101345976,11.324422383215447,0.9409774103720249,1469,11829,0,0,0,201167,0.003818888151229459,0.011039573701957961,0.015120995005274578,-0.1494513359752898,-2.8566679762227194,-2.2239352190726787,-1.610462262325355,-0.6793797053287846,-0.006787667970586373,0.6733422170850036,1.6317614671879923,2.273062505557792,2.9448686219413998,-3.1999600434773336,-2.324074222932684,-1.6041932816906257,-0.6464945173991672,-0.006386540554234871,0.6401460951179142,1.623637196287068,2.378150091251598,3.3264004389119814,-6.52545991902834,-4.69748885708444,-2.081225258247251,-0.45738013006446493,0.051500140282435984,0.4530018639440099,3.2401236725366314,6.31850613702299,,-2.8948262591853493,-2.2269739833147586,-1.6236096197598362,-0.6684041896968281,-0.004198937165758481,0.6704545295554929,1.633417904226516,2.274366474668776,2.89819692615508,0.038643737494878316,0.09257437826604842,2.813216070972036,0.005891357912522842,0.5666707845149842,0.262630593774407,1.0822975814323836,0.016161059154598496,0.035220793618636476,0.000420517867833346,0.0024363536402192596,0.0,0.0378645650227849,0.08531278200080014,0.037589527952434434,0.25752317157781196,0.0352997762833705,0.2390870268066142,0.23902714147352416,0.000420517867833346,0.0018508881421861482,0.00013287644935422801,0.00013510181758414583,0.000210258933916673,0.00012677033807223585,0.0003530632259295294,0.0017504981799409702,0.0002153252629280447,4.053108688166904e-06,0.000738989852770375,4.6077231269338084e-05,1.6303564891105265e-06,5.695001598726925e-05,1.133175796153153e-09,0.09105053833998059,0.0017504981799409763,0.00035306322592953526,0.002562849693022679,0.0009078470250967402,0.005702809570847585,0.013667044828955303,,,,,5.9018667741069023e-08,5.956093938798871e-08,1.2185392224868415e-06,5.521588814675468e-07,2.886579864025407e-15,8.064227996311402e-16,0,,,0.0,0.0,sum_j (mean_s q_j - p_j) == 0 identically,5.955953091829613e-11,1.713039432527097e-16,2.949029909160572e-16,,<capture-root>/256/tok1024,26,700000000,0.009999999999999787,0.019999999999999574,distributions-2,0,-0.016885909026156595,0.0014362918702010034,0.025230557435601826,0.0006174188553495629,0.0022247467900635607,0.02444210251573927,0.02666684930580283,0.0022247467900635607,0.0103983591349958,103107476.06566103,0.0018508881290889964,0.0001328764493542051,0.00021025893391682281,0.00012677033889708908,0.0017504981734175864,seeds_1_32,complete,distributions-2
mlp_c_proj,rn,7,1,seed1,1020,50257,float32,degenerate_S1,0 by eq:rn-degenerate,,60.22255426380959,42.4367769451745,140.2028045654297,0.9409774103720249,0.6630746397683516,3.18649233596219,9.461278294261032,62.599910736083984,2.6168659440734805,8.927976082481063,2.5880319940541163,1.0455124117813261,9.548478168596503,10.05473477893632,1.1110919351060429,2.781008252938693,,,,,,,,,,,,,,,,,,-0.02883395001936422,0.06857552493235371,0.06857552493235371,0.0,0.0055347509931711475,0.07411027592552485,0.04527632590616064,-0.018553524733161363,0.000530664944301244,0.25250068266824466,,,,,,-0.04527632590616064,-0.07411027592552503,,,,,,,,,,,,,,66.52647560512051,0.9409774103720249,0,0,0,0,1678818,5369633,,,,,,,,,,,,,,,,,,,,,,,,,-6.711287195368251,-0.49014771460423656,2.1858010109433765,4.721059831384281,,,,,,,,,,,,,,,,,,,,,,,,,,,,,,,,,,,,,,,,,,,,,,,,,,,,,,,,,,5.851696625216048e-08,5.947487373930367e-08,7.761106479708957e-07,1.9966455910847003e-07,3.6637359812630166e-15,3.680920585696912e-15,0,,,0.0,,sum_j (mean_s q_j - p_j) == 0 identically,1.8800544350494608e-09,1.1657341758564144e-15,0.0,,<capture-root>/256/tok1024,94,700000000,0.009999999999999787,0.019999999999999574,distributions-2,0,-0.028833948139309784,0.06857552493235487,0.0,0.00553475081770168,0.06857552493235487,0.0,0.06857552493235487,0.06857552493235487,0.04527632761074678,1474901584.3920918,,,,,,seeds_1_1,complete,distributions-2
mlp_c_proj,sr,8,32,seed1;seed2;seed3;seed4;seed5;seed6;seed7;seed8;seed9;seed10;seed11;seed12;seed13;seed14;seed15;seed16;seed17;seed18;seed19;seed20;seed21;seed22;seed23;seed24;seed25;seed26;seed27;seed28;seed29;seed30;seed31;seed32,1020,50257,float32,measured,,,60.22255426380959,42.4367769451745,140.2028045654297,0.47048870518601243,0.3315373198841758,0.03262438401983921,0.5313748716576444,4.818357467651367,0.007807363994994803,0.5198310601388104,0.00354365871155079,0.054624542445368456,0.9914303920699745,1.1294104742590154,0.11610170837952867,0.01659415817837345,4.002643356895314,9.65773059069101,1.5764116418285339,2.000660730082768,3.80913294702309,1.9517000146085695,0.01343805892270649,0.20373084335856304,3.7439243855113657,3.7304863265886605,0.01343805892270649,4.2523034198914225,0.43301962642868547,4.148239889918176,0.0,0.2655996909759214,0.26812112267767985,-0.004263705283444015,0.0003240097256968749,0.00011404005502958596,0.006719029461353245,7.03959419270303e-05,0.0069034654583098615,0.0026397601748658463,-0.000832392809311247,3.619874952898048e-05,0.017435967919847875,0.00030783909464108893,9.413578198602965e-06,0.0010014579340046046,1.992673526085132e-08,0.14657373376644864,-0.002639760174865847,-0.0069034654583098615,0.02363738098325264,0.013588044949491961,0.01933020631029045,0.029407195260885848,5.480077554195743,0.018412039922549896,-0.1568091301302177,0.021909923921402997,0.3521279353132263,1.5912620916955005,10.161549481469674,4.884541998360365,13.138009691428842,10.241175642561666,0.47048870518601243,1874,2842,0,1,0,50592,0.0033085829965200167,0.011444148725998304,0.022282403715077295,-0.14515608159592386,-2.8844344844392835,-2.239032226302409,-1.6148011783912042,-0.6772531383084703,-0.004128087170307204,0.6736150701875496,1.6282316561503387,2.2628883474081256,2.9256750231350157,-3.2616389453097385,-2.3440249432336318,-1.6074693865733962,-0.6427254400026026,-0.0038720602102156228,0.639083987771959,1.6198172143909726,2.370299365210137,3.3160315921019703,-4.301995882352941,-2.9064127483769426,-1.4136081306373702,-0.38569488437852584,0.004977954015588161,0.4089975936310731,1.9758242196589442,4.350277395875461,7.855332824427436,-2.8684499074293535,-2.2474690138070215,-1.612363511307346,-0.6748546215729992,-0.004880883055477443,0.6789377374309846,1.6214975991084561,2.277068364181015,2.954742336352859,0.015545923014879448,0.032671587201570935,1.3680506699473203,0.0028630266199801122,0.2584201660542297,0.07755925893182794,0.3887933491124047,0.009744999387053699,0.019389262773037434,0.00013248114569423377,0.0012361906464539313,0.0,0.015065485464186526,0.0315297856271507,0.01496487913152121,0.07174056923962122,0.018384649038793093,0.0687312143248645,0.06871747433008411,0.00013248114569423377,0.0007520816564751711,2.261528918346712e-05,2.245564703635976e-05,6.624057284711689e-05,1.900070093923353e-05,7.902908590391406e-05,0.0007375905024134869,0.0001200646217213827,2.1435207211872934e-06,0.00036659068204368886,1.2736688455467192e-05,4.909489226105584e-07,1.7842181092428294e-05,3.55018825087617e-10,0.014307614775785574,0.0007375905024134888,7.90290859039102e-05,0.001152842560043605,0.0001615446243110909,0.00593152093277727,0.010457143816505716,,,,,5.87315053039576e-08,5.9574302291090646e-08,4.1655644089644284e-07,1.8028974668737874e-07,2.3314683517128287e-15,1.0447643184613442e-15,0,,,0.0,0.0,sum_j (mean_s q_j - p_j) == 0 identically,3.2082595260995994e-11,1.0869126779167182e-17,1.0408340855860843e-17,,<capture-root>/256/tok1024,26,700000000,0.009999999999999787,0.019999999999999574,distributions-2,0,-0.0042637053155266105,0.0001140400550295751,0.006719029461353235,7.039591952477629e-05,0.00032400972569686365,0.006509059790685947,0.0068330695163828096,0.00032400972569686365,0.002639760120380976,14312762.86379352,0.0007520816453263384,2.2615289183463433e-05,6.624057284716139e-05,1.9000699779503106e-05,0.0007375904890271408,seeds_1_32,complete,distributions-2
mlp_c_proj,rn,8,1,seed1,1020,50257,float32,degenerate_S1,0 by eq:rn-degenerate,,60.22255426380959,42.4367769451745,140.2028045654297,0.47048870518601243,0.3315373198841758,1.2143870260001284,4.564670972927138,35.927059173583984,1.0291829050171608,4.321309655081795,1.0190963450337434,0.434757137930945,5.260066118197585,9.701977800131143,0.9240543569671017,2.1874763276416234,,,,,,,,,,,,,,,,,,-0.01008655998341741,0.016579194272545488,0.016579194272545488,0.0,0.0006000827261515122,0.017179276998697,0.007092717015279592,-0.005860365536812765,0.000252694683515681,0.12015783373815347,,,,,,-0.007092717015279592,-0.017179276998697004,,,,,,,,,,,,,,76.3611512403467,0.47048870518601243,0,0,0,0,2053085,5237900,,,,,,,,,,,,,,,,,,,,,,,,,-7.187353686344058,-1.3624181722665079,1.2229435661927057,3.6911167586760376,,,,,,,,,,,,,,,,,,,,,,,,,,,,,,,,,,,,,,,,,,,,,,,,,,,,,,,,,,5.546633132226574e-08,5.8598590106202324e-08,4.066871985841658e-07,5.86602363350508e-08,1.9984014443252818e-15,1.843035273008109e-15,0,,,0.0,,sum_j (mean_s q_j - p_j) == 0 identically,1.260451604201407e-10,1.762479051592436e-15,0.0,,<capture-root>/256/tok1024,94,700000000,0.009999999999999787,0.019999999999999574,distributions-2,0,-0.01008656010946257,0.016579194272543726,0.0,0.0006000828460268765,0.016579194272543726,0.0,0.016579194272543726,0.016579194272543726,0.007092717009108028,166769901.05650467,,,,,,seeds_1_1,complete,distributions-2
