site,mode,t,seeds,D,Q,V,R,dL,se_D,se_Q,se_V,se_R,se_dL,Q_naive,V_naive,A,B,R_bound,log_ppl_ratio,identity_abserr,sum_terms_abserr
attn_c_attn,rn,4,1,-0.1666454136281043,0.8100573469095081,0.0,0.25868377215226124,0.902095705433665,,,,,,0.8100573469095081,0.0,0.8100573469095081,0.8100573469095081,6702704578.312297,0.9020971424780422,1.4370443771616337e-06,1.1102230246251565e-16
attn_c_attn,rn,5,1,-0.1071205391807092,0.3352241835775855,0.0,0.024163652061826565,0.25226729645870277,,,,,,0.3352241835775855,0.0,0.3352241835775855,0.3352241835775855,4156371827.862176,0.2522668241213566,4.7233734618012946e-07,1.1102230246251565e-16
attn_c_attn,rn,6,1,-0.049818315686756355,0.10528347099205443,0.0,0.01853035334769055,0.07399550865298861,,,,,,0.10528347099205443,0.0,0.10528347099205443,0.10528347099205443,1259145380.5188403,0.07399506421728663,4.444357019767198e-07,1.3877787807814457e-17
attn_c_attn,rn,7,1,-0.038847157800063106,0.03470039716495301,0.0,0.0026324649638780557,-0.0015142956712320256,,,,,,0.03470039716495301,0.0,0.03470039716495301,0.03470039716495301,253287531.5624063,-0.0015149484716081574,6.528003761317649e-07,1.452830911130576e-17
attn_c_attn,rn,8,1,-0.008111803173148661,0.010185105470702853,0.0,0.00048495040050566926,0.002558252698059863,,,,,,0.010185105470702853,0.0,0.010185105470702853,0.010185105470702853,30665841.66014915,0.0025577461324859385,5.065655739244432e-07,1.734723475976807e-18
attn_c_attn,rn,9,1,-0.007624843988186806,0.0030305249299537418,0.0,0.00024353357568911632,-0.004350785482543949,,,,,,0.0030305249299537418,0.0,0.0030305249299537418,0.0030305249299537418,6704470.822620087,-0.004351618506323263,8.330237793140183e-07,8.673617379884035e-19
attn_c_attn,rn,10,1,0.0025987378365806587,0.0005301577033371916,0.0,-2.9562546285747196e-06,0.003125939285289275,,,,,,0.0005301577033371916,0.0,0.0005301577033371916,0.0005301577033371916,433068.2732123954,0.0031251724750074317,7.668102818434927e-07,4.336808689942018e-19
attn_c_attn,rn,11,1,-0.002108543833651197,0.00016047423449119878,0.0,4.096253057292149e-07,-0.0019476599738542683,,,,,,0.00016047423449119878,0.0,0.00016047423449119878,0.00016047423449119878,103437.18180520771,-0.0019479245285243252,2.645546700568834e-07,8.673617379884035e-19
attn_c_attn,rn,12,1,-4.701710819114299e-05,3.5236504006769675e-05,0.0,9.402069688532817e-08,-1.1686583487488142e-05,,,,,,3.5236504006769675e-05,0.0,3.5236504006769675e-05,3.5236504006769675e-05,3644.5361382356136,-1.1960610780015202e-05,2.7402729252706005e-07,1.5585406229479126e-19
attn_c_attn,rn,13,1,-0.00018893657474896902,1.0367471526346744e-05,0.0,2.321757769800929e-08,-0.0001785458856449243,,,,,,1.0367471526346744e-05,0.0,1.0367471526346744e-05,1.0367471526346744e-05,1236.7381299492788,-0.00017930211612338098,7.562304784566908e-07,2.710505431213761e-20
attn_c_attn,rn,14,1,1.0632968601830028e-05,2.633870869785023e-06,0.0,1.186412657743094e-10,1.3266958112880808e-05,,,,,,2.633870869785023e-06,0.0,2.633870869785023e-06,2.633870869785023e-06,161.88472521543497,1.2387624640730621e-05,8.793334721501871e-07,1.6940658945086007e-20
attn_c_attn,sr,4,8,-0.2899477645373134,0.6536984883503504,0.5753290396386519,0.5116165629285149,1.4506963263802037,0.023049866739891903,0.016197102816820196,0.01345375539623506,0.018919837524875072,0.03845634413728649,0.7256146183051818,0.5034129096838204,1.2290275279890024,0.7256146183051818,14367421647.901064,1.4507020896775558,5.763297352023855e-06,0.0
attn_c_attn,sr,5,8,-0.1535892725171891,0.16133519850136255,0.26427135107272703,0.07477915720102946,0.34679643425792983,0.010324679485632215,0.00582014973341959,0.004253172820136827,0.006181549302894455,0.014442949904773628,0.19436911738545343,0.23123743218863613,0.42560654957408955,0.19436911738545343,4385931692.64589,0.3468022071753314,5.772917401558608e-06,1.1102230246251565e-16
attn_c_attn,sr,6,8,-0.06316131694054308,0.030253922945230674,0.10279898425759573,0.013265237622106286,0.08315682788438962,0.006800673143065974,0.0012868993245888193,0.0015691695361932751,0.0017346699537171008,0.005098152761954713,0.043103795977430144,0.08994911122539627,0.13305290720282642,0.043103795977430144,1277216970.0095391,0.08316249582331015,5.667938920525528e-06,1.3877787807814457e-17
attn_c_attn,sr,7,8,-0.02696441241847335,0.00453501129875998,0.038479676716450036,0.00281218876714374,0.018862464363880397,0.0060270189800831035,0.0009927307382161619,0.0010411609569049524,0.0008967748495919104,0.00515293741402438,0.009344970888316234,0.033669717126893775,0.043014688015210016,0.009344970888316234,257189866.1543767,0.018867943961151212,5.479597270815345e-06,1.0408340855860843e-17
attn_c_attn,sr,8,8,-0.007581248836754621,0.0006380822941575336,0.010936270850516133,0.00035881993480403824,0.004351924242723083,0.0037049016677543224,0.00019753537555946537,0.0003273135875672156,9.518238265843474e-05,0.0036326243636941517,0.00200511615047205,0.009569236994201615,0.011574353144673666,0.00200511615047205,51883403.77919039,0.004357248518248369,5.324275525285874e-06,0.0
attn_c_attn,sr,9,8,-0.0033181154055834322,0.0001018981684418386,0.003122032692669776,4.949723911621359e-05,-4.468730535560345e-05,0.0010627504728173164,2.904277213265347e-05,6.337096764701132e-05,1.2687624396461241e-05,0.0010595429230698507,0.0004921522550255605,0.0027317786060860544,0.0032239308611116146,0.0004921522550255605,7772333.760681765,-3.902641201047885e-05,5.660893345124597e-06,6.166399856011306e-19
attn_c_attn,sr,10,8,-0.001396541085927227,3.112124446219235e-05,0.0008514180675141189,1.6013833572496443e-05,-0.0004979879403784193,0.0007977276942798307,2.5293056093536544e-05,2.7359942893711985e-05,4.562334512153493e-06,0.0008039845860499925,0.00013754850290145722,0.0007449908090748542,0.0008825393119763113,0.00013754850290145722,1710620.8391829645,-0.0004926744086608537,5.313531717565656e-06,0.0
attn_c_attn,sr,11,8,-9.89964355890264e-05,1.307084833347026e-06,0.00021852763735690485,4.2064868299860074e-07,0.00012125893528422413,0.00031840264276760744,3.4500560862830818e-06,8.77175139772927e-06,4.1004420260907803e-07,0.0003205854451796188,2.8623039502960134e-05,0.00019121168268729176,0.0002198347221902519,2.8623039502960134e-05,150861.6953708257,0.00012700260642084515,5.743671136621025e-06,4.0657581468206416e-20
attn_c_attn,sr,12,8,-0.00020916852120791916,5.635316522834128e-07,5.597567301091846e-05,6.803608421345315e-08,-0.00015256128046050384,0.00022966980537249658,2.07652283911723e-06,2.7822905431840528e-06,2.4077682244640198e-08,0.00022992713576885172,7.56049077864822e-06,4.8978713884553655e-05,5.6539204663201875e-05,7.56049077864822e-06,20802.010651639117,-0.00014711667791722505,5.4446025432787915e-06,0.0
attn_c_attn,sr,13,8,-6.641057457894098e-05,-1.5247274517841634e-07,1.4292109557041466e-05,1.8700198752946733e-09,-5.226906774720265e-05,9.118599348885668e-05,2.8726117112972797e-07,8.461132546170866e-07,5.906507531407284e-09,9.113991581636375e-05,1.6340409494517669e-06,1.2505595862411283e-05,1.413963681186305e-05,1.6340409494517669e-06,3904.3739472764323,-4.688836751043368e-05,5.380700236768966e-06,0.0
attn_c_attn,sr,14,8,-8.894868354445874e-05,-2.1985747330295146e-09,3.6787955974403807e-06,2.1661262277486123e-09,-8.526992039552364e-05,4.431294214736411e-05,9.156127439008867e-08,1.7454523787889083e-07,8.210806876373603e-10,4.4269832052290754e-05,4.5765087494701816e-07,3.2189461477603336e-06,3.676597022707352e-06,4.5765087494701816e-07,319.66051340811754,-7.977496690969588e-05,5.494953485827767e-06,2.710505431213761e-20
attn_c_proj,rn,4,1,-0.15229907497462372,0.3513004480676369,0.0,0.042001494060461386,0.24100286715347452,,,,,,0.3513004480676369,0.0,0.3513004480676369,0.3513004480676369,2016757485.211466,0.24100252083530727,3.463181672547222e-07,2.7755575615628914e-17
attn_c_proj,rn,5,1,-0.03665197597581411,0.1119823024227818,0.0,0.004674395254369871,0.08000472170133756,,,,,,0.1119823024227818,0.0,0.1119823024227818,0.1119823024227818,738101402.0947437,0.08000413559878261,5.861025549475096e-07,0.0
attn_c_proj,rn,6,1,-0.025803730153257102,0.030953426653616316,0.0,0.0012207282576625327,0.006370424758021743,,,,,,0.030953426653616316,0.0,0.030953426653616316,0.030953426653616316,268697070.5888431,0.0063695891230475254,8.356349742175487e-07,4.336808689942018e-18
attn_c_proj,rn,7,1,-0.007950609140828785,0.008212888092160225,0.0,0.00010814520953708763,0.0003704241608685271,,,,,,0.008212888092160225,0.0,0.008212888092160225,0.008212888092160225,36600318.95798696,0.00036997598933741216,4.4817153111494784e-07,7.047314121155779e-19
attn_c_proj,rn,8,1,-0.004510522620882181,0.002126867754805305,0.0,-5.402177473526427e-07,-0.00238419508382423,,,,,,0.002126867754805305,0.0,0.002126867754805305,0.002126867754805305,5875982.498932883,-0.00238469709083855,5.020070143199953e-07,1.3010426069826053e-18
attn_c_proj,rn,9,1,-0.001120109828857074,0.0005798983661850185,0.0,-1.1397292697354809e-06,-0.0005413511919417913,,,,,,0.0005798983661850185,0.0,0.0005798983661850185,0.0005798983661850185,857817.5312665283,-0.0005417272478176471,3.760558758558741e-07,4.336808689942018e-19
attn_c_proj,rn,10,1,0.00010871181100646368,0.00013847836356549356,0.0,2.498969119655615e-08,0.0002472151642631538,,,,,,0.00013847836356549356,0.0,0.00013847836356549356,0.00013847836356549356,73843.65313783732,0.0002465031797660444,7.119844971094054e-07,0.0
attn_c_proj,rn,11,1,-0.0005843522634010694,3.42253507281142e-05,0.0,9.012177744083954e-09,-0.0005501179004952113,,,,,,3.42253507281142e-05,0.0,3.42253507281142e-05,3.42253507281142e-05,9102.157443908849,-0.0005507636101391711,6.457096439597704e-07,2.168404344971009e-19
attn_c_proj,rn,12,1,-0.00046991808455817155,8.852659360894125e-06,0.0,-6.633185602136398e-10,-0.00046106608851583766,,,,,,8.852659360894125e-06,0.0,8.852659360894125e-06,8.852659360894125e-06,1075.1640424041072,-0.00046211309799648603,1.0470094806483681e-06,0.0
attn_c_proj,rn,13,1,-0.0001933844923206989,2.247077793637891e-06,0.0,2.3605495186669446e-10,-0.00019113717847210913,,,,,,2.247077793637891e-06,0.0,2.247077793637891e-06,2.247077793637891e-06,123.05132298484372,-0.00019169211558711652,5.549371150073874e-07,0.0
attn_c_proj,rn,14,1,-6.112931396220014e-05,6.026221531784148e-07,0.0,1.6020460929611736e-11,-6.052667578856079e-05,,,,,,6.026221531784148e-07,0.0,6.026221531784148e-07,6.026221531784148e-07,15.20460730587052,-6.151323662439978e-05,9.865608358389924e-07,6.776263578034403e-21
attn_c_proj,sr,4,8,-0.13349127603199581,0.09289951959931571,0.13314746840854003,0.02418732715905273,0.11674303913491263,0.011125088918229071,0.0018993514199112955,0.0017934257926661018,0.003052814324489948,0.011757899534954657,0.10954295315038322,0.11650403485747253,0.22604698800785575,0.10954295315038322,2032911922.3913336,0.11674841945709602,5.380322183390351e-06,2.7755575615628914e-17
attn_c_proj,sr,5,8,-0.04496443083131567,0.009920707256850417,0.04776906138161029,0.0015802880026858878,0.014305625809830932,0.005094225939245457,0.00038493242281239696,0.000682199966320589,0.00039985880461605657,0.005490697948725317,0.015891839929551704,0.04179792870890901,0.05768976863846071,0.015891839929551704,364443705.2130903,0.014311034841061776,5.409031230843922e-06,1.0408340855860843e-17
attn_c_proj,sr,6,8,-0.012221054083426174,0.0010516267879059525,0.01603391634078114,0.0005485457950435072,0.005413034840304425,0.0028392100052557104,0.00022759358553123453,0.0004331319886109105,0.0002479632005985998,0.002469471949205411,0.0030558663305035954,0.014029676798183498,0.01708554312868709,0.0030558663305035954,67391931.00800972,0.005418638897200623,5.604056896198022e-06,1.734723475976807e-18
attn_c_proj,sr,7,8,-0.004365942896704981,7.88504806003317e-05,0.004684426409936178,5.61899108570874e-05,0.0004535239046886155,0.001539927567760582,4.587041813679985e-05,0.00014205703067396794,1.6284022854385267e-05,0.0015012057433133595,0.000664403781842354,0.004098873108694156,0.00476327689053651,0.000664403781842354,10632711.268165002,0.0004592175191096004,5.693614420984876e-06,5.421010862427522e-20
attn_c_proj,sr,8,8,-0.001563932735118918,1.2382736709642448e-05,0.0012375434699849934,8.768316080639662e-06,-0.0003052382123436426,0.0006746927703487582,1.9867531714418898e-05,2.3310173336948143e-05,2.705203617895064e-06,0.000670929696075914,0.00016707567045776665,0.0010828505362368694,0.001249926206694636,0.00016707567045776665,1384366.9879857125,-0.0002997714265502438,5.466785793398806e-06,1.6263032587282567e-19
attn_c_proj,sr,9,8,-0.0002747107260985633,2.1621068761396202e-06,0.00031748299182943695,1.2920505908258772e-06,4.622642319783933e-05,0.00025295297298412586,3.4751249575320063e-06,7.578615694575974e-06,7.82007741253064e-07,0.0002540722306527911,4.184748085481924e-05,0.00027779761785075736,0.0003196450987055766,4.184748085481924e-05,226126.48194456,5.1711022966749454e-05,5.484599768910125e-06,1.7618285302889447e-19
attn_c_proj,sr,10,8,1.6453042196978116e-05,-2.945443578692057e-07,8.265967513542639e-05,6.621063970980941e-08,9.888438361424506e-05,0.00016723625779207547,1.3388490898028279e-06,1.46375581088261e-06,5.446621221554736e-08,0.0001661623951151664,1.0037915034059092e-05,7.232721574349809e-05,8.236513077755719e-05,1.0037915034059092e-05,29783.657062953895,0.00010456795909252747,5.683575478282411e-06,5.421010862427522e-20
attn_c_proj,sr,11,8,-5.380956666203824e-05,4.0632443024185785e-07,2.0303873927494823e-05,2.120830561218881e-09,-3.309724747374036e-05,0.00011750956631745796,3.1208788686733304e-07,5.274132068980568e-07,6.1179079730523435e-09,0.00011736372062083951,2.944308671178711e-06,1.776588968655797e-05,2.071019835773668e-05,2.944308671178711e-06,3908.1510144787435,-2.744033112733746e-05,5.6569163464028995e-06,1.3552527156068805e-20
attn_c_proj,sr,12,8,5.124798403745923e-06,-2.702596759027009e-09,5.204032531542903e-06,1.7269805426289122e-09,1.0327855319072437e-05,3.927627597414872e-05,8.817299706337902e-08,1.1356493283602295e-07,6.651929767654273e-10,3.921224878649866e-05,6.478014696838358e-07,4.5535284651000404e-06,5.2013299347838765e-06,6.478014696838358e-07,409.15595658961513,1.5944407453005738e-05,5.6165521339333e-06,8.470329472543003e-21
attn_c_proj,sr,13,8,-6.737434195368754e-06,2.9097047226227913e-08,1.35950312415976e-06,1.772907733725466e-10,-5.348656733209396e-06,1.614492260547064e-05,4.3112961725196384e-08,2.5685506829428956e-08,1.3565979339075555e-10,1.614158249099729e-05,1.990349377461979e-07,1.18956523363979e-06,1.3886001713859878e-06,1.990349377461979e-07,67.64964246115804,2.508061314188126e-07,5.599462864628208e-06,1.6940658945086007e-21
attn_c_proj,sr,14,8,8.18336003891887e-06,3.1429152336974822e-09,3.236691217184227e-07,2.3637411339022475e-11,8.510195713282327e-06,1.3498043472866584e-05,7.832592418051401e-09,8.874918842337454e-09,1.0633426279112184e-11,1.3497577636192611e-05,4.360155544850033e-08,2.832104815036199e-07,3.268120369521202e-07,4.360155544850033e-08,7.0247576527209805,1.3912553727735144e-05,5.4023580144528176e-06,1.6940658945086007e-21
attn_qkav,rn,4,1,-0.06086525458684667,0.10544560219886408,0.0,0.00823792497745644,0.05281827258947385,,,,,,0.10544560219886408,0.0,0.10544560219886408,0.10544560219886408,739897179.6238883,0.05281828360409602,1.101462216573923e-08,6.938893903907228e-18
attn_qkav,rn,5,1,-0.010023911719205504,0.03413918041760064,0.0,-0.00014519544461227498,0.023970073253782857,,,,,,0.03413918041760064,0.0,0.03413918041760064,0.03413918041760064,105964338.06085338,0.023969150608529333,9.226452535246454e-07,3.469446951953614e-18
attn_qkav,rn,6,1,0.006094935548150396,0.007689313733218773,0.0,0.0002300393237349962,0.014014288605104166,,,,,,0.007689313733218773,0.0,0.007689313733218773,0.007689313733218773,31022983.73565175,0.014013746090531853,5.425145723127883e-07,0.0
attn_qkav,rn,7,1,-0.001596732432789397,0.0023255787613300147,0.0,1.5044673026728602e-05,0.0007438910015673449,,,,,,0.0023255787613300147,0.0,0.0023255787613300147,0.0023255787613300147,4890471.3355114935,0.0007433518665678207,5.391349995241762e-07,1.4094628242311558e-18
attn_qkav,rn,8,1,-0.001542703913490496,0.0005514414183990222,0.0,5.463936107892003e-06,-0.0009857985589835816,,,,,,0.0005514414183990222,0.0,0.0005514414183990222,0.0005514414183990222,654504.131049443,-0.0009866208069686522,8.222479850705615e-07,2.168404344971009e-19
attn_qkav,rn,9,1,-0.00043392087117313463,0.00010803836179553689,0.0,-1.0244885266505647e-07,-0.0003259849582302628,,,,,,0.00010803836179553689,0.0,0.00010803836179553689,0.00010803836179553689,117470.42470865698,-0.00032616094879234225,1.7599056207945503e-07,5.421010862427522e-20
attn_qkav,rn,10,1,-0.000577111425796077,2.1033384488502265e-05,0.0,-8.388403921622596e-09,-0.0005560864297114963,,,,,,2.1033384488502265e-05,0.0,2.1033384488502265e-05,2.1033384488502265e-05,5772.33517254433,-0.0005569914208924942,9.049911809978772e-07,1.0842021724855044e-19
attn_qkav,rn,11,1,-5.7072467584566123e-05,6.277287760638417e-06,0.0,3.0065107227146605e-09,-5.079217331320497e-05,,,,,,6.277287760638417e-06,0.0,6.277287760638417e-06,6.277287760638417e-06,1601.7485268959895,-5.1504872927488066e-05,7.126996142830941e-07,2.0328790734103208e-20
attn_qkav,rn,12,1,4.6441781561310494e-05,1.505115921466685e-06,0.0,1.4738346198063745e-11,4.7946912221123385e-05,,,,,,1.505115921466685e-06,0.0,1.505115921466685e-06,1.505115921466685e-06,142.62671390219958,4.716978974173003e-05,7.771224793933567e-07,6.776263578034403e-21
attn_qkav,rn,13,1,1.570040659980235e-05,3.981112499930219e-07,0.0,-3.848138158953989e-11,1.6098479368413797e-05,,,,,,3.981112499930219e-07,0.0,3.981112499930219e-07,3.981112499930219e-07,16.492631028844205,1.5682829001661958e-05,4.15650366751839e-07,1.6940658945086007e-20
attn_qkav,rn,14,1,-2.4448020388914427e-05,8.355568902250146e-08,0.0,6.297371324912731e-12,-2.436445840252061e-05,,,,,,8.355568902250146e-08,0.0,8.355568902250146e-08,8.355568902250146e-08,1.140379617421008,-2.4836734324296117e-05,4.722759217755077e-07,1.0164395367051604e-20
attn_qkav,sr,4,8,-0.09203699157771669,0.059623408863212296,0.11480503877761158,0.018419767813865406,0.10081122387697258,0.008684264911103638,0.004074174478462746,0.0027415925803995164,0.0021774077805830406,0.010359189633037568,0.07397403871041375,0.10045440893041013,0.17442844764082388,0.07397403871041375,1935654211.1136782,0.10081639111121987,5.167234247288599e-06,1.3877787807814457e-17
attn_qkav,sr,5,8,-0.025974079976597203,0.009002955629550839,0.038223600262492004,0.0018753221127751345,0.023127798028220774,0.005113140613252891,0.0012415139903284866,0.0014651712514038007,0.00037574221535803905,0.004165165761345895,0.013780905662362338,0.0334456502296805,0.04722655589204284,0.013780905662362338,317516831.20618665,0.023133322433901427,5.5244056806520725e-06,0.0
attn_qkav,sr,6,8,-0.01091070123989957,0.0010032245977312111,0.011480840423348496,0.0003558199625629417,0.001929183743743079,0.0023137044805577986,0.00033681820976427774,0.00089711764941167,0.0002421313406171565,0.0024532028407442635,0.0024383296506497736,0.010045735370429932,0.012484065021079706,0.0024383296506497736,65753911.58101675,0.0019349284520444598,5.74470830138089e-06,1.5178830414797062e-18
attn_qkav,sr,7,8,-0.002954802294632356,5.532318544386231e-05,0.002767838564103954,7.615699765474405e-05,-5.548354742979623e-05,0.001655571439429791,4.768266698831601e-05,0.00011358105899725249,2.059868288818679e-05,0.001639060255101845,0.00040130300595685647,0.002421858743590959,0.0028231617495478156,0.00040130300595685647,11457673.550129702,-5.0033249520353706e-05,5.450297909442521e-06,5.624298769768554e-19
attn_qkav,sr,8,8,-0.0006954875320422305,1.2996439086397443e-05,0.0006979553000908695,5.629112657776879e-06,2.1093319792813225e-05,0.0006149635783245049,1.3968692508529336e-05,4.029557650261082e-05,3.2801256273795614e-06,0.0005942416948149428,0.00010024085159775611,0.0006107108875795107,0.0007109517391772668,0.00010024085159775611,1319517.364016057,2.6445540566299996e-05,5.352220773486771e-06,7.115076756936123e-20
attn_qkav,sr,9,8,-0.0005483728940646659,1.825267886377944e-06,0.00017538881009166157,4.113236024103314e-07,-0.00037074749248421584,0.00035034242189742684,1.9554505182490353e-06,6.266560743847733e-06,1.9361940860086938e-07,0.00035260917226720927,2.374886914783564e-05,0.00015346520883020387,0.00017721407797803953,2.374886914783564e-05,177157.27580208148,-0.0003652677329721854,5.4797595120304366e-06,2.710505431213761e-19
attn_qkav,sr,10,8,-0.00011850941886081665,-2.133616412714929e-07,4.4227594000870526e-05,7.342066774840886e-09,-7.448784443444272e-05,0.00018035965271740104,5.989503689880702e-07,8.552920483849006e-07,2.6795052107694637e-08,0.00018016057505033895,5.3150876088373235e-06,3.8699144750761714e-05,4.401423235959904e-05,5.3150876088373235e-06,18225.962658051518,-6.882039543132379e-05,5.667449003118931e-06,5.421010862427522e-20
attn_qkav,sr,11,8,7.502832958584363e-05,-1.4643084560395363e-08,1.107279304109261e-05,6.959755381619917e-09,8.60934392977575e-05,5.11490476431078e-05,2.0383781957562695e-07,4.19772976096035e-07,6.81562148065642e-09,5.0911033260426607e-05,1.369456045576181e-06,9.688693910956035e-06,1.1058149956532217e-05,1.369456045576181e-06,1962.179438274452,9.135371180235552e-05,5.260272504598016e-06,4.0657581468206416e-20
attn_qkav,sr,12,8,2.234481838828595e-05,-1.0694648946976505e-08,2.6497027702314224e-06,4.028399741383565e-10,2.4984229349544537e-05,3.521699927172902e-05,3.5184726608429344e-08,7.767221744280713e-08,6.018295438649501e-10,3.521417198282208e-05,3.205181973319513e-07,2.3184899239524948e-06,2.639008121284446e-06,3.205181973319513e-07,449.75383191441455,3.023978827254581e-05,5.255558923001272e-06,6.776263578034403e-21
attn_qkav,sr,13,8,-6.092588601229526e-06,1.8156151203963837e-09,6.903480661686019e-07,6.816841604918775e-11,-5.400356751524481e-06,1.7570805578548197e-05,1.5501878704015348e-08,3.4506203781195015e-08,4.7119279247017966e-11,1.7560047808750575e-05,8.810912339147161e-08,6.040545578975266e-07,6.921636812889982e-07,8.810912339147161e-08,31.17551843613364,1.5910467521251803e-07,5.559461426736999e-06,1.6940658945086007e-21
attn_qkav,sr,14,8,-9.85356967014398e-06,-7.203751650611096e-10,1.7360344933377056e-07,9.560009463511475e-12,-9.680677035965807e-06,1.3733248034885149e-05,3.403253483290004e-09,5.77301250477743e-09,8.879284648667805e-12,1.3732289239485114e-05,2.0980056001660212e-08,1.5190301816704926e-07,1.7288307416870949e-07,2.0980056001660212e-08,5.289924850838589,-4.272288132156632e-06,5.4083889038091755e-06,0.0
lm_head,rn,4,1,-0.015988478316082185,3.165646259551923,0.0,1.9744739385260244,5.1241317197618645,,,,,,3.165646259551923,0.0,3.165646259551923,3.165646259551923,67797932.86007077,5.124141218538485,9.498776620375793e-06,8.881784197001252e-16
lm_head,rn,5,1,0.10375087677798205,2.4019428650282397,0.0,1.099724821137154,3.605418562943376,,,,,,2.4019428650282397,0.0,2.4019428650282397,2.4019428650282397,29920795.596466932,3.605429595075009,1.1032131632671138e-05,4.440892098500626e-16
lm_head,rn,6,1,0.04086163256082734,1.5756123100460218,0.0,0.5004110401274445,2.1168849827342937,,,,,,1.5756123100460218,0.0,1.5756123100460218,1.5756123100460218,8750137.911355063,2.1168899668522627,4.984117969009105e-06,0.0
lm_head,rn,7,1,0.03008010328604497,0.8301428413308898,0.0,0.16763854045257673,1.0278614850695116,,,,,,0.8301428413308898,0.0,0.8301428413308898,0.8301428413308898,1842149.6644197467,1.027867765875178,6.28080566644762e-06,2.220446049250313e-16
lm_head,rn,8,1,0.01919587182489053,0.34609774932293186,0.0,0.038320974942124955,0.4036145960899474,,,,,,0.34609774932293186,0.0,0.34609774932293186,0.34609774932293186,546878.1887098443,0.40361686068683067,2.2645968832946117e-06,5.551115123125783e-17
lm_head,rn,9,1,-0.011618430768707414,0.12449025814487424,0.0,0.006846713926563343,0.11971854130273017,,,,,,0.12449025814487424,0.0,0.12449025814487424,0.12449025814487424,152900.59052035367,0.11972046685083004,1.9255480998708885e-06,0.0
lm_head,rn,10,1,-0.013847606865153714,0.03883465969036815,0.0,0.0002789002808806601,0.025265953106095102,,,,,,0.03883465969036815,0.0,0.03883465969036815,0.03883465969036815,32855.588372250844,0.025266629602027635,6.764959325326891e-07,3.469446951953614e-18
lm_head,rn,11,1,-0.0034223988859175786,0.011136977966765266,0.0,6.55692549600085e-06,0.007721136006343688,,,,,,0.011136977966765266,0.0,0.011136977966765266,0.011136977966765266,5506.527965946696,0.0077209124707291465,2.23535614541151e-07,0.0
lm_head,rn,12,1,0.00040239980873021366,0.0030366585573483327,0.0,8.643024844925119e-07,0.0034399226685630385,,,,,,0.0030366585573483327,0.0,0.0030366585573483327,0.0030366585573483327,795.1030126029625,0.003439385087615321,5.375809477175565e-07,4.336808689942018e-19
lm_head,rn,13,1,0.0009360660703390996,0.000791468492825864,0.0,-5.1972522940080984e-08,0.0017274825906420236,,,,,,0.000791468492825864,0.0,0.000791468492825864,0.000791468492825864,106.37291343889657,0.0017270498051056293,4.3278553639425864e-07,0.0
lm_head,rn,14,1,-0.00011511050297639917,0.00020762199476309797,0.0,1.4728409604285783e-08,9.252622019630307e-05,,,,,,0.00020762199476309797,0.0,0.00020762199476309797,0.00020762199476309797,13.748566651128444,9.250683083461553e-05,1.938936168754599e-08,1.3552527156068805e-20
lm_head,sr,4,8,0.10841792287329395,0.05103931370200735,23.081032082675794,-5.760930371988484,17.479558947262607,0.08962776443045567,0.04768076745058538,0.08374475236464905,0.07457278472137194,0.09549001679501629,2.9361683240364806,20.195903072341316,23.132071396377796,2.9361683240364806,486606322.46209985,17.47956441555892,5.468296311761378e-06,7.105427357601002e-15
lm_head,sr,5,8,-0.03887104664691365,0.004954118470051857,10.43989654284332,-1.1491036300131252,9.256875984653337,0.029984617573399742,0.028020875264366203,0.03729518178660423,0.027027840299885985,0.04292061422228678,1.309941186325467,9.134909474987907,10.444850661313374,1.309941186325467,146898607.7650413,9.256881783332185,5.798678847312999e-06,3.552713678800501e-15
lm_head,sr,6,8,0.004220778366823908,0.004500198249313127,4.590560903744532,-0.19875468892192055,4.400527191438749,0.03274826039163337,0.011160482714026018,0.020250976075704877,0.011377617932287178,0.032823343104323055,0.5783203112173796,4.016740790776466,4.595061101993846,0.5783203112173796,43390273.36318374,4.400533049500986,5.85806223707408e-06,8.881784197001252e-16
lm_head,sr,7,8,0.02762443189339613,0.003367014705858933,1.9411206341956335,-0.056705495241655024,1.9154065855532334,0.01888176198481891,0.0032915649099367894,0.006451445526100495,0.009262843085711382,0.018383974903192067,0.2460070939803131,1.6984805549211792,1.9444876489014922,0.2460070939803131,11957826.821223246,1.9154122272514886,5.641698255232086e-06,2.220446049250313e-16
lm_head,sr,8,8,-0.012679148220191852,-0.0016521101475326088,0.7640635562331015,-0.0171449044362619,0.7325873934291152,0.009269457333304212,0.0012864504204970668,0.0027314517813501944,0.0025201589519995202,0.009825198247568948,0.09385583438160507,0.6685556117039637,0.7624114460855689,0.09385583438160507,2967364.734553138,0.7325928074609536,5.414031838402167e-06,0.0
lm_head,sr,9,8,0.00022385762563275157,-0.00016965198698050993,0.2701291758426018,-0.0028981343864624763,0.2672852470947916,0.009235881613668218,0.0005778361556784639,0.0015803276785122961,0.0007255973500986463,0.00937065479305725,0.033596494993344724,0.23636302886227664,0.26995952385562133,0.033596494993344724,631247.5196493868,0.2672907308038788,5.483709087150679e-06,5.551115123125783e-17
lm_head,sr,10,8,0.0006854801282545429,-4.1918418965986234e-05,0.08455749706993784,-0.0002883443496725326,0.08491271442955388,0.004693826343211247,0.0002529112297473791,0.00042533471948534937,6.728616215928644e-05,0.004800209075000634,0.010527768714776247,0.07398780993619562,0.08451557865097187,0.010527768714776247,111650.23839146007,0.08491823857779845,5.524148244576144e-06,1.3877787807814457e-17
lm_head,sr,11,8,-0.0010358276946211996,1.5279800652955787e-05,0.023767214667267944,-6.453815124024029e-05,0.02268212862205946,0.002560689661643842,4.2742495776002966e-05,5.823969659408008e-05,1.3808503338867177e-05,0.0025582699101915256,0.0029861816340614493,0.02079631283385945,0.0237824944679209,0.0029861816340614493,16848.374303515327,0.02268759718658586,5.468564526402847e-06,0.0
lm_head,sr,12,8,0.002189341126495968,2.1095024896982964e-05,0.0063046714760479775,-2.310037334434721e-06,0.008512797590106494,0.0010638430492770925,1.7183414099364114e-05,1.995748032003308e-05,2.772624239574029e-06,0.001059923446858699,0.00080917895940298,0.00551658754154198,0.00632576650094496,0.00080917895940298,2312.1177164324467,0.008518180313416224,5.3827233097297755e-06,0.0
lm_head,sr,13,8,-0.0002109250447533311,-1.0243647166878543e-06,0.001632237757171503,-1.0020902645068256e-07,0.0014201881386750337,0.0005232226490754282,3.3897080559801607e-06,8.142752713036338e-06,4.1002188146265343e-07,0.0005251492745906786,0.00020300535492974998,0.001428208037525065,0.0016312133924548148,0.00020300535492974998,302.4358761234598,0.0014258443739940674,5.656235319033724e-06,4.336808689942018e-19
lm_head,sr,14,8,0.0010424304013896659,7.922782334917979e-07,0.0004117610642009378,-9.31375237287044e-09,0.0014549744300717225,0.00041046017742581387,1.14808667576361e-06,1.1344029849725028e-06,5.290354100471285e-08,0.000410543436724761,5.226241125860904e-05,0.0003602909311758206,0.0004125533424344296,5.226241125860904e-05,38.642041215144666,0.0014604802466227085,5.505816550985948e-06,0.0
mlp_c_fc,rn,4,1,-0.3541781313334598,1.3048483275213272,0.0,0.7303774954266101,1.6810476916144776,,,,,,1.3048483275213272,0.0,1.3048483275213272,1.3048483275213272,8984913617.4009,1.6810503311538874,2.6395394097100677e-06,0.0
mlp_c_fc,rn,5,1,-0.24645807649189305,0.5438445717137168,0.0,0.1936874900490632,0.49107398527088697,,,,,,0.5438445717137168,0.0,0.5438445717137168,0.5438445717137168,4175587025.082305,0.4910754701283171,1.4848574301229434e-06,0.0
mlp_c_fc,rn,6,1,-0.05605221844053137,0.14380750213440358,0.0,0.029273212984833454,0.11702849667870568,,,,,,0.14380750213440358,0.0,0.14380750213440358,0.14380750213440358,1685607443.7733815,0.1170286880264344,1.913477287174281e-07,2.7755575615628914e-17
mlp_c_fc,rn,7,1,-0.009587238782596473,0.03875051846093223,0.0,0.0027467162826251674,0.031909995960960925,,,,,,0.03875051846093223,0.0,0.03875051846093223,0.03875051846093223,470483753.66601205,0.03190942040008071,5.755608802129886e-07,0.0
mlp_c_fc,rn,8,1,-0.006668739552230311,0.010418890894468668,0.0,0.0008084611869097225,0.004558612529148081,,,,,,0.010418890894468668,0.0,0.010418890894468668,0.010418890894468668,93740418.52832569,0.00455760895087387,1.0035782742109228e-06,1.734723475976807e-18
mlp_c_fc,rn,9,1,8.04327178553906e-05,0.0025509944243167345,0.0,4.1614347894237816e-05,0.002673041490066363,,,,,,0.0025509944243167345,0.0,0.0025509944243167345,0.0025509944243167345,5780733.5245720735,0.0026726569492199204,3.845408464426929e-07,0.0
mlp_c_fc,rn,10,1,0.0003711835829488219,0.000691639537967931,0.0,4.857172145464044e-06,0.0010676802930622167,,,,,,0.000691639537967931,0.0,0.000691639537967931,0.000691639537967931,949525.1432044604,0.0010671526109193863,5.276821428304521e-07,0.0
mlp_c_fc,rn,11,1,-0.0010963634388672801,0.00016099082238693068,0.0,5.947594242563772e-07,-0.0009347778570560932,,,,,,0.00016099082238693068,0.0,0.00016099082238693068,0.00016099082238693068,105641.99315839658,-0.0009355563918242993,7.785347682060613e-07,1.0842021724855044e-19
mlp_c_fc,rn,12,1,0.00035238518395718703,4.23998633447512e-05,0.0,1.1896500803941726e-07,0.0003949040123099777,,,,,,4.23998633447512e-05,0.0,4.23998633447512e-05,4.23998633447512e-05,21791.04902727678,0.0003943149271652402,5.890851447375102e-07,5.421010862427522e-20
mlp_c_fc,rn,13,1,0.00023866355954618658,1.1007736150037473e-05,0.0,1.1331591984655627e-08,0.0002496826272882088,,,,,,1.1007736150037473e-05,0.0,1.1007736150037473e-05,1.1007736150037473e-05,2381.2132813834414,0.00024937055724372215,3.12070044486629e-07,5.421010862427522e-20
mlp_c_fc,rn,14,1,-7.91735125853553e-05,2.6240688281805616e-06,0.0,1.9705475747317313e-09,-7.65474732096e-05,,,,,,2.6240688281805616e-06,0.0,2.6240688281805616e-06,2.6240688281805616e-06,304.20092568622795,-7.725830420746149e-05,7.108309978614907e-07,0.0
mlp_c_fc,sr,4,8,-0.30054045530481377,0.8885160248084868,0.328476974199148,0.7635586568077615,1.6800112005105825,0.009706164769733681,0.008656689677949693,0.004850574826919487,0.009646741712092396,0.015740677112120814,0.9295756465833802,0.2874173524242545,1.2169929990076347,0.9295756465833802,5366057350.033873,1.6800167836626354,5.583152052901497e-06,0.0
mlp_c_fc,sr,5,8,-0.16671809940036517,0.1834161745710838,0.21602294015718765,0.08227698507118404,0.3149980003990902,0.013696307514145105,0.004858019928012153,0.00396853159661066,0.006256914914184984,0.011377512047966077,0.21041904209073226,0.1890200726375392,0.3994391147282714,0.21041904209073226,5650829626.795699,0.31500343666066755,5.436261577340673e-06,1.1102230246251565e-16
mlp_c_fc,sr,6,8,-0.06359432180967547,0.021035427310045287,0.09066891940790481,0.007546749005338155,0.05565677391361277,0.005926646061239415,0.0021041135146365043,0.0020620302401733862,0.0009899108373665369,0.006286036989722018,0.03236904223603339,0.0793353044819167,0.1117043467179501,0.03236904223603339,1202245012.8082726,0.055662302742620184,5.52882900741597e-06,6.938893903907228e-18
mlp_c_fc,sr,7,8,-0.02053897776822563,0.0021153877832441243,0.029229220853856715,0.0006494523142405432,0.011455083183115753,0.003985055407260158,0.0006127954036509518,0.0005935651884910996,0.0004470560297994398,0.0035719458146826807,0.005769040389976213,0.025575568247124626,0.03134460863710084,0.005769040389976213,137182574.14645702,0.011460690144423857,5.6069613081043135e-06,1.734723475976807e-18
mlp_c_fc,sr,8,8,-0.004898891864546841,0.00040409205548540744,0.007954111711379542,0.00025363369712128574,0.0037129455994393936,0.00384053474833769,0.00011358699286910321,0.00016527205231716685,0.00014887390639525572,0.003677465835674094,0.0013983560194078502,0.006959847747457099,0.008358203766864948,0.0013983560194078502,22785116.97229435,0.003718767727697525,5.822128258131491e-06,0.0
mlp_c_fc,sr,9,8,-0.0010475513354159527,4.884389451281378e-07,0.002182017694631742,2.2018390123693477e-05,0.00115697318828461,0.0011776699028165428,4.154366837828125e-05,7.499588932797404e-05,1.1497662827439426e-05,0.0011756168447290445,0.0002732406507740958,0.0019092654828027737,0.0021825061335768695,0.0002732406507740958,3071510.685189799,0.0011624979792186352,5.524790934025112e-06,8.673617379884035e-19
mlp_c_fc,sr,10,8,0.00011161759220825353,2.492472244234054e-06,0.0005316808273213266,2.5932897035893522e-06,0.0006483841814774034,0.0003431383250042646,5.556071767882111e-06,1.0084203681102527e-05,1.5334276403669327e-06,0.0003416554362971516,6.895257565939985e-05,0.0004652207239061607,0.0005341732995655605,6.895257565939985e-05,397359.0484763579,0.0006537059892650632,5.321807787659759e-06,0.0
mlp_c_fc,sr,11,8,-6.703329379654979e-05,3.147486789445564e-06,0.00013061747040831847,7.147125202684453e-08,6.68031346532412e-05,0.00023100166183445794,1.996944623575863e-06,2.1867061597379785e-06,1.3094190779828683e-07,0.00023124946039553893,1.9474670590485376e-05,0.00011429028660727869,0.0001337649571977641,1.9474670590485376e-05,39041.15452821989,7.24965008167544e-05,5.693366163513208e-06,1.0842021724855044e-19
mlp_c_fc,sr,12,8,0.00011464802794964874,-2.8913730727100743e-07,3.364592208022441e-05,9.142143997838886e-09,0.0001480139548666,7.371996708254656e-05,3.4189697177595696e-07,8.855741854384872e-07,1.5041736981997693e-08,7.422134665897227e-05,3.916602952757044e-06,2.944018182019636e-05,3.33567847729534e-05,3.916602952757044e-06,6314.44386547828,0.00015344980479525816,5.435849928658165e-06,2.710505431213761e-20
mlp_c_fc,sr,13,8,-4.069307752666451e-05,2.1438303474407332e-08,8.189762380125463e-06,-1.1346837778521275e-09,-3.248301152684247e-05,3.028378287050745e-05,7.894553726298246e-08,2.3540766217502298e-07,1.398493310037095e-09,3.0383298316339805e-05,1.0451586009900902e-06,7.1660420826097795e-06,8.211200683599868e-06,1.0451586009900902e-06,841.020099715293,-2.6853768364532016e-05,5.6292431623104536e-06,2.710505431213761e-20
mlp_c_fc,sr,14,8,4.403891506112532e-05,-5.036906786933734e-09,2.1008660455553e-06,-1.535071370266132e-10,4.613459069275665e-05,2.2324568968045297e-05,2.3970621932509912e-08,5.4003198037704686e-08,1.8901083806418408e-10,2.2318390964476897e-05,2.575713489074788e-07,1.838257789860888e-06,2.095829138768367e-06,2.575713489074788e-07,89.70717384521136,5.153862375273377e-05,5.404033059977117e-06,6.776263578034403e-21
mlp_c_proj,rn,4,1,-0.16756589776655256,2.4203917291981254,0.0,1.1792388312535311,3.4320646626851037,,,,,,2.4203917291981254,0.0,2.4203917291981254,2.4203917291981254,12336394513.229404,3.432069769698292,5.107013188343501e-06,4.440892098500626e-16
mlp_c_proj,rn,5,1,-0.12498846013745261,1.0504116517190458,0.0,0.460685431238518,1.386108622820111,,,,,,1.0504116517190458,0.0,1.0504116517190458,1.0504116517190458,5348961795.574939,1.386112190396858,3.5675767471321507e-06,2.220446049250313e-16
mlp_c_proj,rn,6,1,-0.11477590286038836,0.2867389492848343,0.0,0.07018587888869611,0.24214892531314197,,,,,,0.2867389492848343,0.0,0.2867389492848343,0.2867389492848343,7325824659.700016,0.24214979532185676,8.700087147928137e-07,5.551115123125783e-17
mlp_c_proj,rn,7,1,-0.028833948139309784,0.06857552493235435,0.0,0.005534750817702204,0.04527632761074678,,,,,,0.06857552493235435,0.0,0.06857552493235435,0.06857552493235435,1474901584.3920918,0.045276150669513626,1.7694123315148413e-07,1.3877787807814457e-17
mlp_c_proj,rn,8,1,-0.01008656010946257,0.01657919427254514,0.0,0.0006000828460254569,0.007092717009108028,,,,,,0.01657919427254514,0.0,0.01657919427254514,0.01657919427254514,166769901.05650467,0.007092469167657711,2.478414503166368e-07,0.0
mlp_c_proj,rn,9,1,-0.004298502099250785,0.004004190131547362,0.0,4.799148034024286e-05,-0.000246320487363178,,,,,,0.004004190131547362,0.0,0.004004190131547362,0.004004190131547362,30996498.47017949,-0.00024705226434473815,7.31776981560163e-07,2.0057740190981832e-18
mlp_c_proj,rn,10,1,-0.0019718238821553,0.001047163435484575,0.0,7.824732313784876e-06,-0.00091683571435694,,,,,,0.001047163435484575,0.0,0.001047163435484575,0.001047163435484575,3871250.6415794683,-0.000917476793337535,6.410789805949687e-07,0.0
mlp_c_proj,rn,11,1,-7.154077950455498e-05,0.0002629760177326956,0.0,7.504889554927839e-07,0.00019218572718363329,,,,,,0.0002629760177326956,0.0,0.0002629760177326956,0.0002629760177326956,595612.5258438413,0.000191167284921967,1.0184422616662907e-06,1.6263032587282567e-19
mlp_c_proj,rn,12,1,7.457758144773245e-05,6.554365269395785e-05,0.0,9.661566558769651e-08,0.0001402178498072779,,,,,,6.554365269395785e-05,0.0,6.554365269395785e-05,6.554365269395785e-05,95955.8774471453,0.0001396722573536735,5.455924536043935e-07,1.0842021724855044e-19
mlp_c_proj,rn,13,1,0.00015118392732820312,1.6351546331637712e-05,0.0,1.862282663007059e-08,0.0001675540964864709,,,,,,1.6351546331637712e-05,0.0,1.6351546331637712e-05,1.6351546331637712e-05,8565.545631777617,0.00016688441511281127,6.696813736596326e-07,0.0
mlp_c_proj,rn,14,1,-3.894075676551869e-05,4.050790848317701e-06,0.0,2.08985518892516e-09,-3.488787606201207e-05,,,,,,4.050790848317701e-06,0.0,4.050790848317701e-06,4.050790848317701e-06,1020.3903471132419,-3.484483111915182e-05,4.3044942860250924e-08,1.3552527156068805e-20
mlp_c_proj,sr,4,8,-0.24944747477143997,0.9618688580993667,0.4600083807080961,0.8159561021539193,1.9883858661899423,0.015557058825735158,0.010764210790832597,0.003925569677186474,0.009461597066051779,0.015699885933784758,1.0193699056878789,0.4025073331195841,1.4218772388074628,1.0193699056878789,5665530363.493229,1.9883914874809836,5.62129104131337e-06,2.220446049250313e-16
mlp_c_proj,sr,5,8,-0.13119603156838616,0.15790862598885003,0.22428963970945318,0.07029083260018026,0.3212930667300973,0.006516680344519312,0.0035449311213650112,0.0028894867874414967,0.00666127463338296,0.00920693573168876,0.18594483095253164,0.19625343474577153,0.38219826569830323,0.18594483095253164,5036457166.232146,0.3212985676155977,5.500885500442365e-06,5.551115123125783e-17
mlp_c_proj,sr,6,8,-0.05359212848129881,0.015472693971037206,0.08155011671672585,0.004126836042952958,0.04755751824941721,0.005908523325419605,0.0008224132294707407,0.00085895120848263,0.001028290747311565,0.005966718848959637,0.02566645856062794,0.07135635212713512,0.09702281068776306,0.02566645856062794,740609269.9004633,0.047562804291362504,5.2860419452946394e-06,6.938893903907228e-18
mlp_c_proj,sr,7,8,-0.01659580169853674,0.001307153058290592,0.024870087550436015,0.0004284548317702242,0.010009893741960093,0.003193775877730832,0.0002467589155497425,0.00019935452060120755,0.0001555338031934992,0.0031422746300317677,0.004415914002095094,0.021761326606631513,0.026177240608726608,0.004415914002095094,81215360.56704052,0.010015465506112875,5.571764152782072e-06,0.0
mlp_c_proj,sr,8,8,-0.0036472701548289207,4.562223771612946e-05,0.006708397611626639,3.555202944960992e-05,0.003142301723963457,0.0020297561700177735,6.249258561435043e-05,9.038053485474633e-05,2.440202933037876e-05,0.0019503773576192976,0.0008841719391694592,0.005869847910173308,0.006754019849342767,0.0008841719391694592,13063044.199038772,0.003147999963329262,5.698239365805116e-06,0.0
mlp_c_proj,sr,9,8,-0.0010379612378809552,2.4329028465703007e-05,0.001745395930500044,5.321159108582196e-06,0.0007370848801933747,0.0011163441514889373,2.287998705650693e-05,3.3867344042044724e-05,4.2184497844867664e-06,0.0011104609194855179,0.00024250351977820854,0.0015272214391875386,0.0017697249589657472,0.00024250351977820854,1484299.5303685002,0.0007428827367919055,5.797856598530808e-06,7.589415207398531e-19
mlp_c_proj,sr,10,8,1.3883014870528996e-05,-1.3214521249810833e-06,0.0004396093043681115,9.960619561444981e-08,0.00045227047330927394,0.0004956015127374402,4.435462715390663e-06,5.00162021761406e-06,3.3018301338554534e-07,0.0004962172534096535,5.3629710921032856e-05,0.00038465814132209754,0.0004382878522431304,5.3629710921032856e-05,183321.6908152391,0.00045804968097407084,5.779207664796898e-06,5.421010862427522e-20
mlp_c_proj,sr,11,8,-3.830913567567523e-05,9.728814797797861e-08,0.00010945458258719463,6.567566743453478e-08,7.130841072693192e-05,0.0003368378902005772,1.0824203701698521e-06,2.5155143081542325e-06,6.092588303474461e-08,0.00033528777587653146,1.3779110971377305e-05,9.57727597637953e-05,0.00010955187073517261,1.3779110971377305e-05,27391.090244510408,7.692002722503588e-05,5.6116164981039615e-06,0.0
mlp_c_proj,sr,12,8,-3.8781311938605894e-05,-3.366094596673403e-08,2.7809616996457517e-05,-3.76082049297431e-09,-1.1009116708608068e-05,0.0001493241004775406,2.40730409348973e-07,6.253352803872878e-07,5.178437236843918e-09,0.0001494235149954396,3.442541178590456e-06,2.4333414871900332e-05,2.7775956050490786e-05,3.442541178590456e-06,2815.5443814762602,-5.333747260749533e-06,5.675369447858535e-06,1.3552527156068805e-20
mlp_c_proj,sr,13,8,6.849707897106162e-05,-4.090342172548781e-08,7.005161443881721e-06,4.434839583852143e-10,7.546178047717624e-05,6.673958485424659e-05,6.489867548849121e-08,1.6343366616659406e-07,5.91762208598914e-10,6.676204786821708e-05,8.347417587597273e-07,6.129516263396507e-06,6.964258022156234e-06,8.347417587597273e-07,445.0788479080658,8.104275492382129e-05,5.580974446645049e-06,0.0
mlp_c_proj,sr,14,8,1.7518182999746586e-05,-4.100347978959909e-09,1.7368272393067744e-06,2.4700291055371482e-11,1.9250934591365456e-05,4.518630411906851e-05,1.4057931146365689e-08,3.300455305823377e-08,7.705539342291117e-11,4.51963417396451e-05,2.1300305693438688e-07,1.5197238343934274e-06,1.7327268913278149e-06,2.1300305693438688e-07,46.37298129222469,2.4882375408097346e-05,5.63144081673189e-06,0.0
null,rn,24,1,0.0,0.0,0.0,0.0,0.0,,,,,,0.0,0.0,0.0,0.0,0.0,0.0,0.0,0.0
null,sr,24,8,6.594882148263836e-08,2.0931094277806564e-10,4.0629960831977186e-10,1.1343016790509792e-16,6.656443214716645e-08,1.4478437924651367e-07,2.2590478850506703e-12,2.0121278843403512e-12,9.533593051179957e-17,1.4478424117698564e-07,2.6009839381803707e-10,3.5551215727980027e-10,6.156105510978374e-10,2.6009839381803707e-10,1.5952381490912765e-06,5.667509731743792e-06,5.6009452995966256e-06,7.940933880509066e-23
