level,arm,mode,target,block,window,precision,perplexity,seconds,seed
blockwise,legacy,rn,mlp_c_proj,0,0/1,4,85.13,9068.97,1
blockwise,legacy,rn,mlp_c_proj,0,0/1,4,85.13,9076.45,2
blockwise,legacy,rn,mlp_c_proj,0,0/1,4,85.13,9143.45,3
blockwise,legacy,rn,mlp_c_proj,0,0/1,4,85.13,9107.5,4
blockwise,legacy,rn,mlp_c_proj,0,0/1,4,85.13,8189.9,5
blockwise,legacy,sr,mlp_c_proj,0,0/1,4,83.71,14116.01,1
blockwise,legacy,sr,mlp_c_proj,0,0/1,4,80.3,14069.55,2
blockwise,legacy,sr,mlp_c_proj,0,0/1,4,83.4,14184.87,3
blockwise,legacy,sr,mlp_c_proj,0,0/1,4,82.76,14166.67,4
blockwise,legacy,sr,mlp_c_proj,0,0/1,4,80.04,14072.03,5
blockwise,legacy,rn,mlp_c_proj,0,0/1,6,62.91,9095.69,1
blockwise,legacy,rn,mlp_c_proj,0,0/1,6,62.91,8102.19,2
blockwise,legacy,rn,mlp_c_proj,0,0/1,6,62.91,9096.02,3
blockwise,legacy,rn,mlp_c_proj,0,0/1,6,62.91,9133.35,4
blockwise,legacy,rn,mlp_c_proj,0,0/1,6,62.91,8075.48,5
blockwise,legacy,sr,mlp_c_proj,0,0/1,6,62.5,14064.13,1
blockwise,legacy,sr,mlp_c_proj,0,0/1,6,62.23,14227.74,2
blockwise,legacy,sr,mlp_c_proj,0,0/1,6,63.38,14377.09,3
blockwise,legacy,sr,mlp_c_proj,0,0/1,6,63.41,14127.71,4
blockwise,legacy,sr,mlp_c_proj,0,0/1,6,62.31,14204.16,5
blockwise,legacy,rn,mlp_c_proj,1,0/1,4,80.04,9101.72,1
blockwise,legacy,rn,mlp_c_proj,1,0/1,4,80.04,8554.49,2
blockwise,legacy,rn,mlp_c_proj,1,0/1,4,80.04,9087.33,3
blockwise,legacy,rn,mlp_c_proj,1,0/1,4,80.04,9139.87,4
blockwise,legacy,rn,mlp_c_proj,1,0/1,4,80.04,8112.41,5
blockwise,legacy,sr,mlp_c_proj,1,0/1,4,77.21,14062.47,1
blockwise,legacy,sr,mlp_c_proj,1,0/1,4,74.67,14071.18,2
blockwise,legacy,sr,mlp_c_proj,1,0/1,4,77.3,14346.88,3
blockwise,legacy,sr,mlp_c_proj,1,0/1,4,82.27,14487.18,4
blockwise,legacy,sr,mlp_c_proj,1,0/1,4,78.1,14144.28,5
blockwise,legacy,rn,mlp_c_proj,1,0/1,6,63.46,9115.89,1
blockwise,legacy,rn,mlp_c_proj,1,0/1,6,63.46,9232.48,2
blockwise,legacy,rn,mlp_c_proj,1,0/1,6,63.46,9261.06,3
blockwise,legacy,rn,mlp_c_proj,1,0/1,6,63.46,9237.02,4
blockwise,legacy,rn,mlp_c_proj,1,0/1,6,63.46,8142.92,5
blockwise,legacy,sr,mlp_c_proj,1,0/1,6,62.9,14121.69,1
blockwise,legacy,sr,mlp_c_proj,1,0/1,6,64.27,14199.5,2
blockwise,legacy,sr,mlp_c_proj,1,0/1,6,63.03,14158.41,3
blockwise,legacy,sr,mlp_c_proj,1,0/1,6,63.62,14219.34,4
blockwise,legacy,sr,mlp_c_proj,1,0/1,6,63.14,14140.47,5
blockwise,legacy,rn,mlp_c_proj,2,0/1,4,106.88,9104.48,1
blockwise,legacy,rn,mlp_c_proj,2,0/1,4,106.88,9105.99,2
blockwise,legacy,rn,mlp_c_proj,2,0/1,4,106.88,9093.58,3
blockwise,legacy,rn,mlp_c_proj,2,0/1,4,106.88,9141.14,4
blockwise,legacy,rn,mlp_c_proj,2,0/1,4,106.88,8510.21,5
blockwise,legacy,sr,mlp_c_proj,2,0/1,4,75.41,14056.42,1
blockwise,legacy,sr,mlp_c_proj,2,0/1,4,74.28,14329.44,2
blockwise,legacy,sr,mlp_c_proj,2,0/1,4,74.34,14092.29,3
blockwise,legacy,sr,mlp_c_proj,2,0/1,4,73.41,14348.04,4
blockwise,legacy,sr,mlp_c_proj,2,0/1,4,74.21,14100.56,5
blockwise,legacy,rn,mlp_c_proj,2,0/1,6,63.87,9083.05,1
blockwise,legacy,rn,mlp_c_proj,2,0/1,6,63.87,8968.69,2
blockwise,legacy,rn,mlp_c_proj,2,0/1,6,63.87,9237.89,3
blockwise,legacy,rn,mlp_c_proj,2,0/1,6,63.87,9089.8,4
blockwise,legacy,rn,mlp_c_proj,2,0/1,6,63.87,8197.06,5
blockwise,legacy,sr,mlp_c_proj,2,0/1,6,63.63,14113.6,1
blockwise,legacy,sr,mlp_c_proj,2,0/1,6,63.0,14057.07,2
blockwise,legacy,sr,mlp_c_proj,2,0/1,6,63.44,14265.33,3
blockwise,legacy,sr,mlp_c_proj,2,0/1,6,62.53,14061.4,4
blockwise,legacy,sr,mlp_c_proj,2,0/1,6,63.95,14064.08,5
blockwise,legacy,rn,mlp_c_proj,3,0/1,4,80.57,9109.65,1
blockwise,legacy,rn,mlp_c_proj,3,0/1,4,80.57,8009.01,2
blockwise,legacy,rn,mlp_c_proj,3,0/1,4,80.57,9319.32,3
blockwise,legacy,rn,mlp_c_proj,3,0/1,4,80.57,9141.07,4
blockwise,legacy,rn,mlp_c_proj,3,0/1,4,80.57,6926.76,5
blockwise,legacy,sr,mlp_c_proj,3,0/1,4,75.25,14071.67,1
blockwise,legacy,sr,mlp_c_proj,3,0/1,4,71.98,14202.27,2
blockwise,legacy,sr,mlp_c_proj,3,0/1,4,72.85,14129.53,3
blockwise,legacy,sr,mlp_c_proj,3,0/1,4,73.29,14072.48,4
blockwise,legacy,sr,mlp_c_proj,3,0/1,4,74.02,14394.39,5
blockwise,legacy,rn,mlp_c_proj,3,0/1,6,62.86,9086.42,1
blockwise,legacy,rn,mlp_c_proj,3,0/1,6,62.86,9262.94,2
blockwise,legacy,rn,mlp_c_proj,3,0/1,6,62.86,9116.09,3
blockwise,legacy,rn,mlp_c_proj,3,0/1,6,62.86,9079.2,4
blockwise,legacy,rn,mlp_c_proj,3,0/1,6,62.86,6974.58,5
blockwise,legacy,sr,mlp_c_proj,3,0/1,6,63.18,14191.09,1
blockwise,legacy,sr,mlp_c_proj,3,0/1,6,62.33,14077.77,2
blockwise,legacy,sr,mlp_c_proj,3,0/1,6,63.52,14391.1,3
blockwise,legacy,sr,mlp_c_proj,3,0/1,6,63.51,14138.8,4
blockwise,legacy,sr,mlp_c_proj,3,0/1,6,63.31,14139.65,5
blockwise,legacy,rn,mlp_c_proj,4,0/1,4,78.22,9192.54,1
blockwise,legacy,rn,mlp_c_proj,4,0/1,4,78.22,9070.56,2
blockwise,legacy,rn,mlp_c_proj,4,0/1,4,78.22,9130.24,3
blockwise,legacy,rn,mlp_c_proj,4,0/1,4,78.22,9112.04,4
blockwise,legacy,rn,mlp_c_proj,4,0/1,4,78.22,7763.69,5
blockwise,legacy,sr,mlp_c_proj,4,0/1,4,68.92,14057.13,1
blockwise,legacy,sr,mlp_c_proj,4,0/1,4,68.25,14193.26,2
blockwise,legacy,sr,mlp_c_proj,4,0/1,4,69.4,14362.53,3
blockwise,legacy,sr,mlp_c_proj,4,0/1,4,68.0,14113.45,4
blockwise,legacy,sr,mlp_c_proj,4,0/1,4,67.27,14343.62,5
blockwise,legacy,rn,mlp_c_proj,4,0/1,6,67.24,9071.51,1
blockwise,legacy,rn,mlp_c_proj,4,0/1,6,67.24,8876.4,2
blockwise,legacy,rn,mlp_c_proj,4,0/1,6,67.24,9194.54,3
blockwise,legacy,rn,mlp_c_proj,4,0/1,6,67.24,9091.91,4
blockwise,legacy,rn,mlp_c_proj,4,0/1,6,67.24,7525.16,5
blockwise,legacy,sr,mlp_c_proj,4,0/1,6,62.4,14060.94,1
blockwise,legacy,sr,mlp_c_proj,4,0/1,6,63.2,14182.33,2
blockwise,legacy,sr,mlp_c_proj,4,0/1,6,62.92,14090.54,3
blockwise,legacy,sr,mlp_c_proj,4,0/1,6,62.81,14150.19,4
blockwise,legacy,sr,mlp_c_proj,4,0/1,6,63.0,14144.78,5
blockwise,legacy,rn,mlp_c_proj,5,0/1,4,75.06,9072.46,1
blockwise,legacy,rn,mlp_c_proj,5,0/1,4,75.06,9132.36,2
blockwise,legacy,rn,mlp_c_proj,5,0/1,4,75.06,9102.5,3
blockwise,legacy,rn,mlp_c_proj,5,0/1,4,75.06,9084.23,4
blockwise,legacy,rn,mlp_c_proj,5,0/1,4,75.06,7808.63,5
blockwise,legacy,sr,mlp_c_proj,5,0/1,4,69.64,14270.15,1
blockwise,legacy,sr,mlp_c_proj,5,0/1,4,68.36,14104.87,2
blockwise,legacy,sr,mlp_c_proj,5,0/1,4,70.77,14076.95,3
blockwise,legacy,sr,mlp_c_proj,5,0/1,4,69.58,14073.67,4
blockwise,legacy,sr,mlp_c_proj,5,0/1,4,68.43,14084.61,5
blockwise,legacy,rn,mlp_c_proj,5,0/1,6,64.56,9103.92,1
blockwise,legacy,rn,mlp_c_proj,5,0/1,6,64.56,8490.77,2
blockwise,legacy,rn,mlp_c_proj,5,0/1,6,64.56,9293.66,3
blockwise,legacy,rn,mlp_c_proj,5,0/1,6,64.56,9083.62,4
blockwise,legacy,rn,mlp_c_proj,5,0/1,6,64.56,7694.29,5
blockwise,legacy,sr,mlp_c_proj,5,0/1,6,63.05,14047.82,1
blockwise,legacy,sr,mlp_c_proj,5,0/1,6,62.84,14092.45,2
blockwise,legacy,sr,mlp_c_proj,5,0/1,6,63.61,14126.74,3
blockwise,legacy,sr,mlp_c_proj,5,0/1,6,62.99,14182.8,4
blockwise,legacy,sr,mlp_c_proj,5,0/1,6,62.91,14158.55,5
blockwise,scoped,rn,mlp_c_proj,0,0/1,4,85.13,9102.57,1
blockwise,scoped,rn,mlp_c_proj,0,0/1,4,85.13,8939.52,2
blockwise,scoped,rn,mlp_c_proj,0,0/1,4,85.13,9227.0,3
blockwise,scoped,rn,mlp_c_proj,0,0/1,4,85.13,9091.26,4
blockwise,scoped,rn,mlp_c_proj,0,0/1,4,85.13,8641.88,5
blockwise,scoped,sr,mlp_c_proj,0,0/1,4,83.46,9238.0,1
blockwise,scoped,sr,mlp_c_proj,0,0/1,4,84.54,9319.85,2
blockwise,scoped,sr,mlp_c_proj,0,0/1,4,84.35,9411.08,3
blockwise,scoped,sr,mlp_c_proj,0,0/1,4,84.27,9236.34,4
blockwise,scoped,sr,mlp_c_proj,0,0/1,4,79.6,9373.1,5
blockwise,scoped,rn,mlp_c_proj,0,0/1,5,68.12,9118.0,1
blockwise,scoped,rn,mlp_c_proj,0,0/1,5,68.12,9099.56,2
blockwise,scoped,rn,mlp_c_proj,0,0/1,5,68.12,9121.79,3
blockwise,scoped,rn,mlp_c_proj,0,0/1,5,68.12,9100.34,4
blockwise,scoped,rn,mlp_c_proj,0,0/1,5,68.12,8320.88,5
blockwise,scoped,sr,mlp_c_proj,0,0/1,5,66.31,9352.76,1
blockwise,scoped,sr,mlp_c_proj,0,0/1,5,63.91,9324.98,2
blockwise,scoped,sr,mlp_c_proj,0,0/1,5,64.25,9257.19,3
blockwise,scoped,sr,mlp_c_proj,0,0/1,5,64.89,9234.06,4
blockwise,scoped,sr,mlp_c_proj,0,0/1,5,63.54,9282.0,5
blockwise,scoped,rn,mlp_c_proj,0,0/1,6,62.91,9095.09,1
blockwise,scoped,rn,mlp_c_proj,0,0/1,6,62.91,9144.19,2
blockwise,scoped,rn,mlp_c_proj,0,0/1,6,62.91,9125.34,3
blockwise,scoped,rn,mlp_c_proj,0,0/1,6,62.91,9061.37,4
blockwise,scoped,rn,mlp_c_proj,0,0/1,6,62.91,8605.38,5
blockwise,scoped,sr,mlp_c_proj,0,0/1,6,63.56,9235.22,1
blockwise,scoped,sr,mlp_c_proj,0,0/1,6,63.28,9279.5,2
blockwise,scoped,sr,mlp_c_proj,0,0/1,6,62.74,9352.16,3
blockwise,scoped,sr,mlp_c_proj,0,0/1,6,62.37,9258.44,4
blockwise,scoped,sr,mlp_c_proj,0,0/1,6,62.94,9244.45,5
blockwise,scoped,rn,mlp_c_proj,1,0/1,4,80.04,9149.45,1
blockwise,scoped,rn,mlp_c_proj,1,0/1,4,80.04,9076.35,2
blockwise,scoped,rn,mlp_c_proj,1,0/1,4,80.04,9177.24,3
blockwise,scoped,rn,mlp_c_proj,1,0/1,4,80.04,9117.31,4
blockwise,scoped,rn,mlp_c_proj,1,0/1,4,80.04,8648.78,5
blockwise,scoped,sr,mlp_c_proj,1,0/1,4,77.81,9301.49,1
blockwise,scoped,sr,mlp_c_proj,1,0/1,4,79.5,9356.55,2
blockwise,scoped,sr,mlp_c_proj,1,0/1,4,73.81,9238.99,3
blockwise,scoped,sr,mlp_c_proj,1,0/1,4,76.16,9410.12,4
blockwise,scoped,sr,mlp_c_proj,1,0/1,4,78.44,9416.45,5
blockwise,scoped,rn,mlp_c_proj,1,0/1,5,68.94,9140.67,1
blockwise,scoped,rn,mlp_c_proj,1,0/1,5,68.94,9248.64,2
blockwise,scoped,rn,mlp_c_proj,1,0/1,5,68.94,9096.29,3
blockwise,scoped,rn,mlp_c_proj,1,0/1,5,68.94,9221.85,4
blockwise,scoped,rn,mlp_c_proj,1,0/1,5,68.94,8786.12,5
blockwise,scoped,sr,mlp_c_proj,1,0/1,5,65.13,9227.49,1
blockwise,scoped,sr,mlp_c_proj,1,0/1,5,65.66,9296.32,2
blockwise,scoped,sr,mlp_c_proj,1,0/1,5,63.61,9245.9,3
blockwise,scoped,sr,mlp_c_proj,1,0/1,5,63.29,9239.6,4
blockwise,scoped,sr,mlp_c_proj,1,0/1,5,65.48,9461.23,5
blockwise,scoped,rn,mlp_c_proj,1,0/1,6,63.46,9159.36,1
blockwise,scoped,rn,mlp_c_proj,1,0/1,6,63.46,9239.51,2
blockwise,scoped,rn,mlp_c_proj,1,0/1,6,63.46,9221.51,3
blockwise,scoped,rn,mlp_c_proj,1,0/1,6,63.46,9268.94,4
blockwise,scoped,rn,mlp_c_proj,1,0/1,6,63.46,8652.5,5
blockwise,scoped,sr,mlp_c_proj,1,0/1,6,63.78,9265.08,1
blockwise,scoped,sr,mlp_c_proj,1,0/1,6,63.6,9248.02,2
blockwise,scoped,sr,mlp_c_proj,1,0/1,6,62.68,9342.61,3
blockwise,scoped,sr,mlp_c_proj,1,0/1,6,61.83,9237.41,4
blockwise,scoped,sr,mlp_c_proj,1,0/1,6,63.13,9420.35,5
blockwise,scoped,rn,mlp_c_proj,2,0/1,4,106.88,9091.8,1
blockwise,scoped,rn,mlp_c_proj,2,0/1,4,106.88,8913.83,2
blockwise,scoped,rn,mlp_c_proj,2,0/1,4,106.88,9103.9,3
blockwise,scoped,rn,mlp_c_proj,2,0/1,4,106.88,9134.65,4
blockwise,scoped,rn,mlp_c_proj,2,0/1,4,106.88,8017.7,5
blockwise,scoped,sr,mlp_c_proj,2,0/1,4,74.75,9244.97,1
blockwise,scoped,sr,mlp_c_proj,2,0/1,4,72.32,9254.28,2
blockwise,scoped,sr,mlp_c_proj,2,0/1,4,73.21,9242.0,3
blockwise,scoped,sr,mlp_c_proj,2,0/1,4,71.43,9421.59,4
blockwise,scoped,sr,mlp_c_proj,2,0/1,4,72.65,9350.5,5
blockwise,scoped,rn,mlp_c_proj,2,0/1,5,76.91,9099.79,1
blockwise,scoped,rn,mlp_c_proj,2,0/1,5,76.91,9166.48,2
blockwise,scoped,rn,mlp_c_proj,2,0/1,5,76.91,9230.87,3
blockwise,scoped,rn,mlp_c_proj,2,0/1,5,76.91,9105.79,4
blockwise,scoped,rn,mlp_c_proj,2,0/1,5,76.91,8009.86,5
blockwise,scoped,sr,mlp_c_proj,2,0/1,5,66.02,9279.33,1
blockwise,scoped,sr,mlp_c_proj,2,0/1,5,63.7,9403.02,2
blockwise,scoped,sr,mlp_c_proj,2,0/1,5,64.44,9234.49,3
blockwise,scoped,sr,mlp_c_proj,2,0/1,5,64.13,9240.5,4
blockwise,scoped,sr,mlp_c_proj,2,0/1,5,65.36,9249.89,5
blockwise,scoped,rn,mlp_c_proj,2,0/1,6,63.87,9135.46,1
blockwise,scoped,rn,mlp_c_proj,2,0/1,6,63.87,9086.72,2
blockwise,scoped,rn,mlp_c_proj,2,0/1,6,63.87,9098.76,3
blockwise,scoped,rn,mlp_c_proj,2,0/1,6,63.87,9219.91,4
blockwise,scoped,rn,mlp_c_proj,2,0/1,6,63.87,8083.66,5
blockwise,scoped,sr,mlp_c_proj,2,0/1,6,62.96,9252.11,1
blockwise,scoped,sr,mlp_c_proj,2,0/1,6,62.7,9405.84,2
blockwise,scoped,sr,mlp_c_proj,2,0/1,6,62.99,9262.85,3
blockwise,scoped,sr,mlp_c_proj,2,0/1,6,62.91,9228.1,4
blockwise,scoped,sr,mlp_c_proj,2,0/1,6,63.41,9563.92,5
blockwise,scoped,rn,mlp_c_proj,3,0/1,4,80.57,9107.01,1
blockwise,scoped,rn,mlp_c_proj,3,0/1,4,80.57,9098.86,2
blockwise,scoped,rn,mlp_c_proj,3,0/1,4,80.57,9123.96,3
blockwise,scoped,rn,mlp_c_proj,3,0/1,4,80.57,9282.19,4
blockwise,scoped,rn,mlp_c_proj,3,0/1,4,80.57,8130.74,5
blockwise,scoped,sr,mlp_c_proj,3,0/1,4,70.87,9306.5,1
blockwise,scoped,sr,mlp_c_proj,3,0/1,4,73.76,9368.12,2
blockwise,scoped,sr,mlp_c_proj,3,0/1,4,70.83,9231.11,3
blockwise,scoped,sr,mlp_c_proj,3,0/1,4,72.12,9348.82,4
blockwise,scoped,sr,mlp_c_proj,3,0/1,4,74.22,9354.45,5
blockwise,scoped,rn,mlp_c_proj,3,0/1,5,67.85,9084.51,1
blockwise,scoped,rn,mlp_c_proj,3,0/1,5,67.85,7897.28,2
blockwise,scoped,rn,mlp_c_proj,3,0/1,5,67.85,9111.54,3
blockwise,scoped,rn,mlp_c_proj,3,0/1,5,67.85,9144.78,4
blockwise,scoped,rn,mlp_c_proj,3,0/1,5,67.85,9030.56,5
blockwise,scoped,sr,mlp_c_proj,3,0/1,5,64.01,9253.51,1
blockwise,scoped,sr,mlp_c_proj,3,0/1,5,65.52,9353.47,2
blockwise,scoped,sr,mlp_c_proj,3,0/1,5,63.98,9401.39,3
blockwise,scoped,sr,mlp_c_proj,3,0/1,5,65.35,9292.01,4
blockwise,scoped,sr,mlp_c_proj,3,0/1,5,64.55,9262.96,5
blockwise,scoped,rn,mlp_c_proj,3,0/1,6,62.86,9102.13,1
blockwise,scoped,rn,mlp_c_proj,3,0/1,6,62.86,8680.29,2
blockwise,scoped,rn,mlp_c_proj,3,0/1,6,62.86,9145.93,3
blockwise,scoped,rn,mlp_c_proj,3,0/1,6,62.86,9166.4,4
blockwise,scoped,rn,mlp_c_proj,3,0/1,6,62.86,8618.51,5
blockwise,scoped,sr,mlp_c_proj,3,0/1,6,62.63,9265.74,1
blockwise,scoped,sr,mlp_c_proj,3,0/1,6,62.94,9338.8,2
blockwise,scoped,sr,mlp_c_proj,3,0/1,6,62.61,9243.32,3
blockwise,scoped,sr,mlp_c_proj,3,0/1,6,62.89,9280.4,4
blockwise,scoped,sr,mlp_c_proj,3,0/1,6,63.25,9242.16,5
blockwise,scoped,rn,mlp_c_proj,4,0/1,4,78.22,9283.21,1
blockwise,scoped,rn,mlp_c_proj,4,0/1,4,78.22,8966.84,2
blockwise,scoped,rn,mlp_c_proj,4,0/1,4,78.22,9273.76,3
blockwise,scoped,rn,mlp_c_proj,4,0/1,4,78.22,9077.79,4
blockwise,scoped,rn,mlp_c_proj,4,0/1,4,78.22,9069.37,5
blockwise,scoped,sr,mlp_c_proj,4,0/1,4,69.95,9265.03,1
blockwise,scoped,sr,mlp_c_proj,4,0/1,4,70.11,9226.3,2
blockwise,scoped,sr,mlp_c_proj,4,0/1,4,68.52,9271.18,3
blockwise,scoped,sr,mlp_c_proj,4,0/1,4,68.14,9428.03,4
blockwise,scoped,sr,mlp_c_proj,4,0/1,4,67.94,9397.38,5
blockwise,scoped,rn,mlp_c_proj,4,0/1,5,71.08,9175.16,1
blockwise,scoped,rn,mlp_c_proj,4,0/1,5,71.08,8659.84,2
blockwise,scoped,rn,mlp_c_proj,4,0/1,5,71.08,9083.21,3
blockwise,scoped,rn,mlp_c_proj,4,0/1,5,71.08,9433.81,4
blockwise,scoped,rn,mlp_c_proj,4,0/1,5,71.08,8104.11,5
blockwise,scoped,sr,mlp_c_proj,4,0/1,5,64.11,9293.75,1
blockwise,scoped,sr,mlp_c_proj,4,0/1,5,64.78,9382.79,2
blockwise,scoped,sr,mlp_c_proj,4,0/1,5,64.49,9338.55,3
blockwise,scoped,sr,mlp_c_proj,4,0/1,5,64.49,9245.18,4
blockwise,scoped,sr,mlp_c_proj,4,0/1,5,64.25,10306.45,5
blockwise,scoped,rn,mlp_c_proj,4,0/1,6,67.24,9191.31,1
blockwise,scoped,rn,mlp_c_proj,4,0/1,6,67.24,8925.97,2
blockwise,scoped,rn,mlp_c_proj,4,0/1,6,67.24,9094.05,3
blockwise,scoped,rn,mlp_c_proj,4,0/1,6,67.24,9229.08,4
blockwise,scoped,rn,mlp_c_proj,4,0/1,6,67.24,8101.67,5
blockwise,scoped,sr,mlp_c_proj,4,0/1,6,62.88,9258.1,1
blockwise,scoped,sr,mlp_c_proj,4,0/1,6,63.27,9235.51,2
blockwise,scoped,sr,mlp_c_proj,4,0/1,6,63.56,9465.88,3
blockwise,scoped,sr,mlp_c_proj,4,0/1,6,62.99,9252.04,4
blockwise,scoped,sr,mlp_c_proj,4,0/1,6,63.5,9404.73,5
blockwise,scoped,rn,mlp_c_proj,5,0/1,4,75.06,9102.3,1
blockwise,scoped,rn,mlp_c_proj,5,0/1,4,75.06,9092.64,2
blockwise,scoped,rn,mlp_c_proj,5,0/1,4,75.06,9082.63,3
blockwise,scoped,rn,mlp_c_proj,5,0/1,4,75.06,7459.29,4
blockwise,scoped,rn,mlp_c_proj,5,0/1,4,75.06,8283.59,5
blockwise,scoped,sr,mlp_c_proj,5,0/1,4,70.19,9246.02,1
blockwise,scoped,sr,mlp_c_proj,5,0/1,4,70.19,9242.21,2
blockwise,scoped,sr,mlp_c_proj,5,0/1,4,69.34,9328.89,3
blockwise,scoped,sr,mlp_c_proj,5,0/1,4,71.92,9408.99,4
blockwise,scoped,sr,mlp_c_proj,5,0/1,4,68.65,9265.93,5
blockwise,scoped,rn,mlp_c_proj,5,0/1,5,68.84,9146.84,1
blockwise,scoped,rn,mlp_c_proj,5,0/1,5,68.84,8935.95,2
blockwise,scoped,rn,mlp_c_proj,5,0/1,5,68.84,9130.64,3
blockwise,scoped,rn,mlp_c_proj,5,0/1,5,68.84,7525.85,4
blockwise,scoped,rn,mlp_c_proj,5,0/1,5,68.84,8255.0,5
blockwise,scoped,sr,mlp_c_proj,5,0/1,5,65.64,9241.68,1
blockwise,scoped,sr,mlp_c_proj,5,0/1,5,64.66,9244.74,2
blockwise,scoped,sr,mlp_c_proj,5,0/1,5,64.86,9248.56,3
blockwise,scoped,sr,mlp_c_proj,5,0/1,5,65.34,9258.08,4
blockwise,scoped,sr,mlp_c_proj,5,0/1,5,64.44,9499.45,5
blockwise,scoped,rn,mlp_c_proj,5,0/1,6,64.56,9101.02,1
blockwise,scoped,rn,mlp_c_proj,5,0/1,6,64.56,9118.51,2
blockwise,scoped,rn,mlp_c_proj,5,0/1,6,64.56,9108.3,3
blockwise,scoped,rn,mlp_c_proj,5,0/1,6,64.56,9228.86,4
blockwise,scoped,rn,mlp_c_proj,5,0/1,6,64.56,8254.05,5
blockwise,scoped,sr,mlp_c_proj,5,0/1,6,63.29,9261.92,1
blockwise,scoped,sr,mlp_c_proj,5,0/1,6,62.94,9286.8,2
blockwise,scoped,sr,mlp_c_proj,5,0/1,6,63.73,9251.79,3
blockwise,scoped,sr,mlp_c_proj,5,0/1,6,63.37,9352.69,4
blockwise,scoped,sr,mlp_c_proj,5,0/1,6,63.39,9250.95,5
component,scoped,rn,attention,all,0/1,4,806.27,9218.64,1
component,scoped,rn,attention,all,0/1,4,806.27,9213.88,2
component,scoped,rn,attention,all,0/1,4,806.27,9070.6,3
component,scoped,rn,attention,all,0/1,4,806.27,9160.43,4
component,scoped,rn,attention,all,0/1,4,806.27,9112.95,5
component,scoped,sr,attention,all,0/1,4,615.1,10249.39,1
component,scoped,sr,attention,all,0/1,4,577.44,10228.01,2
component,scoped,sr,attention,all,0/1,4,588.1,10114.58,3
component,scoped,sr,attention,all,0/1,4,673.22,10243.01,4
component,scoped,sr,attention,all,0/1,4,642.5,10274.85,5
component,scoped,rn,attention,all,0/1,5,136.5,9101.53,1
component,scoped,rn,attention,all,0/1,5,136.5,9096.09,2
component,scoped,rn,attention,all,0/1,5,136.5,9098.64,3
component,scoped,rn,attention,all,0/1,5,136.5,9309.41,4
component,scoped,rn,attention,all,0/1,5,136.5,9120.54,5
component,scoped,sr,attention,all,0/1,5,105.84,10142.12,1
component,scoped,sr,attention,all,0/1,5,104.9,10078.85,2
component,scoped,sr,attention,all,0/1,5,103.45,10104.25,3
component,scoped,sr,attention,all,0/1,5,101.78,10335.12,4
component,scoped,sr,attention,all,0/1,5,103.4,10153.55,5
component,scoped,rn,attention,all,0/1,6,74.96,9109.56,1
component,scoped,rn,attention,all,0/1,6,74.96,9183.78,2
component,scoped,rn,attention,all,0/1,6,74.96,9073.22,3
component,scoped,rn,attention,all,0/1,6,74.96,9216.5,4
component,scoped,rn,attention,all,0/1,6,74.96,9100.02,5
component,scoped,sr,attention,all,0/1,6,68.32,10508.17,1
component,scoped,sr,attention,all,0/1,6,73.28,10069.59,2
component,scoped,sr,attention,all,0/1,6,70.72,10183.33,3
component,scoped,sr,attention,all,0/1,6,70.68,10074.17,4
component,scoped,sr,attention,all,0/1,6,69.51,10156.64,5
component,scoped,rn,attention,all,0/1,7,63.42,9189.47,1
component,scoped,rn,attention,all,0/1,7,63.42,9206.32,2
component,scoped,rn,attention,all,0/1,7,63.42,8928.03,3
component,scoped,rn,attention,all,0/1,7,63.42,9086.41,4
component,scoped,rn,attention,all,0/1,7,63.42,9209.31,5
component,scoped,sr,attention,all,0/1,7,64.6,10084.21,1
component,scoped,sr,attention,all,0/1,7,63.99,10078.44,2
component,scoped,sr,attention,all,0/1,7,64.68,10218.31,3
component,scoped,sr,attention,all,0/1,7,65.34,10277.35,4
component,scoped,sr,attention,all,0/1,7,64.38,10142.74,5
component,scoped,rn,attention,all,0/1,8,62.47,9296.16,1
component,scoped,rn,attention,all,0/1,8,62.47,9202.25,2
component,scoped,rn,attention,all,0/1,8,62.47,8782.41,3
component,scoped,rn,attention,all,0/1,8,62.47,9301.91,4
component,scoped,rn,attention,all,0/1,8,62.47,9083.38,5
component,scoped,sr,attention,all,0/1,8,63.09,10095.92,1
component,scoped,sr,attention,all,0/1,8,63.0,10100.82,2
component,scoped,sr,attention,all,0/1,8,62.78,10091.21,3
component,scoped,sr,attention,all,0/1,8,62.58,10152.61,4
component,scoped,sr,attention,all,0/1,8,62.66,10111.9,5
component,scoped,rn,attention,all,0/1,9,62.17,9094.21,1
component,scoped,rn,attention,all,0/1,9,62.17,9063.87,2
component,scoped,rn,attention,all,0/1,9,62.17,9162.39,3
component,scoped,rn,attention,all,0/1,9,62.17,9221.97,4
component,scoped,rn,attention,all,0/1,9,62.17,9089.55,5
component,scoped,sr,attention,all,0/1,9,62.56,10103.33,1
component,scoped,sr,attention,all,0/1,9,62.41,10171.02,2
component,scoped,sr,attention,all,0/1,9,62.42,10142.29,3
component,scoped,sr,attention,all,0/1,9,62.59,10083.85,4
component,scoped,sr,attention,all,0/1,9,62.38,10114.83,5
component,scoped,rn,attention,all,0/1,10,62.74,9251.35,1
component,scoped,rn,attention,all,0/1,10,62.74,9101.49,2
component,scoped,rn,attention,all,0/1,10,62.74,9097.02,3
component,scoped,rn,attention,all,0/1,10,62.74,9153.85,4
component,scoped,rn,attention,all,0/1,10,62.74,9141.06,5
component,scoped,sr,attention,all,0/1,10,62.68,10104.78,1
component,scoped,sr,attention,all,0/1,10,62.45,10079.01,2
component,scoped,sr,attention,all,0/1,10,62.63,10066.19,3
component,scoped,sr,attention,all,0/1,10,62.63,10138.34,4
component,scoped,sr,attention,all,0/1,10,62.49,10227.48,5
component,scoped,rn,attention,all,0/1,11,62.38,9074.1,1
component,scoped,rn,attention,all,0/1,11,62.38,9222.35,2
component,scoped,rn,attention,all,0/1,11,62.38,9076.72,3
component,scoped,rn,attention,all,0/1,11,62.38,9277.06,4
component,scoped,rn,attention,all,0/1,11,62.38,9064.13,5
component,scoped,sr,attention,all,0/1,11,62.54,10082.45,1
component,scoped,sr,attention,all,0/1,11,62.43,10146.47,2
component,scoped,sr,attention,all,0/1,11,62.51,10100.33,3
component,scoped,sr,attention,all,0/1,11,62.51,10127.89,4
component,scoped,sr,attention,all,0/1,11,62.48,10326.86,5
component,scoped,rn,attention,all,0/1,12,62.5,9099.68,1
component,scoped,rn,attention,all,0/1,12,62.5,9154.79,2
component,scoped,rn,attention,all,0/1,12,62.5,8584.79,3
component,scoped,rn,attention,all,0/1,12,62.5,7331.32,4
component,scoped,rn,attention,all,0/1,12,62.5,9071.82,5
component,scoped,sr,attention,all,0/1,12,62.53,10116.58,1
component,scoped,sr,attention,all,0/1,12,62.49,10229.83,2
component,scoped,sr,attention,all,0/1,12,62.52,10279.96,3
component,scoped,sr,attention,all,0/1,12,62.51,10178.26,4
component,scoped,sr,attention,all,0/1,12,62.48,10198.0,5
component,scoped,rn,attention,all,0/1,13,62.47,9222.53,1
component,scoped,rn,attention,all,0/1,13,62.47,9100.91,2
component,scoped,rn,attention,all,0/1,13,62.47,9100.46,3
component,scoped,rn,attention,all,0/1,13,62.47,9306.09,4
component,scoped,rn,attention,all,0/1,13,62.47,9199.82,5
component,scoped,sr,attention,all,0/1,13,62.51,10091.05,1
component,scoped,sr,attention,all,0/1,13,62.5,10158.4,2
component,scoped,sr,attention,all,0/1,13,62.5,10204.27,3
component,scoped,sr,attention,all,0/1,13,62.53,10138.07,4
component,scoped,sr,attention,all,0/1,13,62.48,10152.46,5
component,scoped,rn,attention,all,0/1,14,62.51,9221.91,1
component,scoped,rn,attention,all,0/1,14,62.51,9069.98,2
component,scoped,rn,attention,all,0/1,14,62.51,7920.75,3
component,scoped,rn,attention,all,0/1,14,62.51,9090.94,4
component,scoped,rn,attention,all,0/1,14,62.51,9201.64,5
component,scoped,sr,attention,all,0/1,14,62.51,10192.61,1
component,scoped,sr,attention,all,0/1,14,62.52,10197.4,2
component,scoped,sr,attention,all,0/1,14,62.52,10164.13,3
component,scoped,sr,attention,all,0/1,14,62.51,10241.04,4
component,scoped,sr,attention,all,0/1,14,62.51,10130.67,5
component,scoped,rn,attn_qkav,all,0/1,4,65.9,8304.4,1
component,scoped,sr,attn_qkav,all,0/1,4,69.54,9206.46,1
component,scoped,sr,attn_qkav,all,0/1,4,71.9,9229.23,2
component,scoped,sr,attn_qkav,all,0/1,4,72.92,9210.88,3
component,scoped,sr,attn_qkav,all,0/1,4,70.84,8534.5,4
component,scoped,sr,attn_qkav,all,0/1,4,71.11,9261.89,5
component,scoped,rn,attn_qkav,all,0/1,5,64.03,8338.45,1
component,scoped,sr,attn_qkav,all,0/1,5,63.62,9234.03,1
component,scoped,sr,attn_qkav,all,0/1,5,64.94,9255.11,2
component,scoped,sr,attn_qkav,all,0/1,5,63.42,9200.23,3
component,scoped,sr,attn_qkav,all,0/1,5,64.74,8542.41,4
component,scoped,sr,attn_qkav,all,0/1,5,64.76,9276.17,5
component,scoped,rn,attn_qkav,all,0/1,6,63.39,8294.36,1
component,scoped,sr,attn_qkav,all,0/1,6,62.58,9199.71,1
component,scoped,sr,attn_qkav,all,0/1,6,62.6,9215.36,2
component,scoped,sr,attn_qkav,all,0/1,6,62.66,9214.06,3
component,scoped,sr,attn_qkav,all,0/1,6,63.25,8542.14,4
component,scoped,sr,attn_qkav,all,0/1,6,62.44,9237.92,5
component,scoped,rn,attn_qkav,all,0/1,7,62.56,8319.73,1
component,scoped,sr,attn_qkav,all,0/1,7,62.55,9250.81,1
component,scoped,sr,attn_qkav,all,0/1,7,62.33,9209.78,2
component,scoped,sr,attn_qkav,all,0/1,7,62.06,9213.09,3
component,scoped,sr,attn_qkav,all,0/1,7,62.68,8536.46,4
component,scoped,sr,attn_qkav,all,0/1,7,62.59,9225.51,5
component,scoped,rn,attn_qkav,all,0/1,8,62.45,8274.93,1
component,scoped,sr,attn_qkav,all,0/1,8,62.36,9388.35,1
component,scoped,sr,attn_qkav,all,0/1,8,62.59,9231.99,2
component,scoped,sr,attn_qkav,all,0/1,8,62.68,9188.28,3
component,scoped,sr,attn_qkav,all,0/1,8,62.43,8557.05,4
component,scoped,sr,attn_qkav,all,0/1,8,62.42,9378.61,5
component,scoped,rn,attn_qkav,all,0/1,9,62.49,8255.95,1
component,scoped,sr,attn_qkav,all,0/1,9,62.49,9222.06,1
component,scoped,sr,attn_qkav,all,0/1,9,62.48,9193.79,2
component,scoped,sr,attn_qkav,all,0/1,9,62.48,9223.83,3
component,scoped,sr,attn_qkav,all,0/1,9,62.45,8540.49,4
component,scoped,sr,attn_qkav,all,0/1,9,62.48,9196.11,5
component,scoped,rn,attn_qkav,all,0/1,10,62.48,8272.38,1
component,scoped,sr,attn_qkav,all,0/1,10,62.52,9209.88,1
component,scoped,sr,attn_qkav,all,0/1,10,62.52,9223.09,2
component,scoped,sr,attn_qkav,all,0/1,10,62.5,9229.44,3
component,scoped,sr,attn_qkav,all,0/1,10,62.55,8553.33,4
component,scoped,sr,attn_qkav,all,0/1,10,62.52,9275.14,5
component,scoped,rn,attn_qkav,all,0/1,11,62.51,7845.64,1
component,scoped,sr,attn_qkav,all,0/1,11,62.51,9211.36,1
component,scoped,sr,attn_qkav,all,0/1,11,62.52,9205.29,2
component,scoped,sr,attn_qkav,all,0/1,11,62.54,9201.71,3
component,scoped,sr,attn_qkav,all,0/1,11,62.5,8516.92,4
component,scoped,sr,attn_qkav,all,0/1,11,62.52,9218.6,5
component,scoped,rn,attn_qkav,all,0/1,12,62.52,7845.62,1
component,scoped,sr,attn_qkav,all,0/1,12,62.52,9337.01,1
component,scoped,sr,attn_qkav,all,0/1,12,62.52,9221.42,2
component,scoped,sr,attn_qkav,all,0/1,12,62.51,9223.16,3
component,scoped,sr,attn_qkav,all,0/1,12,62.52,8554.07,4
component,scoped,sr,attn_qkav,all,0/1,12,62.51,9221.02,5
component,scoped,rn,attn_qkav,all,0/1,13,62.51,7989.7,1
component,scoped,sr,attn_qkav,all,0/1,13,62.51,9207.47,1
component,scoped,sr,attn_qkav,all,0/1,13,62.51,9240.03,2
component,scoped,sr,attn_qkav,all,0/1,13,62.52,9209.22,3
component,scoped,sr,attn_qkav,all,0/1,13,62.52,9447.52,4
component,scoped,sr,attn_qkav,all,0/1,13,62.51,9168.11,5
component,scoped,rn,attn_qkav,all,0/1,14,62.51,7919.56,1
component,scoped,sr,attn_qkav,all,0/1,14,62.51,9284.72,1
component,scoped,sr,attn_qkav,all,0/1,14,62.51,9203.62,2
component,scoped,sr,attn_qkav,all,0/1,14,62.51,9215.43,3
component,scoped,sr,attn_qkav,all,0/1,14,62.51,9290.02,4
component,scoped,sr,attn_qkav,all,0/1,14,62.51,9246.58,5
component,scoped,rn,lm_head,all,0/1,4,10503.93,8570.67,1
component,scoped,rn,lm_head,all,0/1,4,10503.93,8804.83,2
component,scoped,rn,lm_head,all,0/1,4,10503.93,8602.32,3
component,scoped,rn,lm_head,all,0/1,4,10503.93,8593.61,4
component,scoped,rn,lm_head,all,0/1,4,10503.93,8578.79,5
component,scoped,sr,lm_head,all,0/1,4,2247882752.0,10630.57,1
component,scoped,sr,lm_head,all,0/1,4,3132666624.0,10582.71,2
component,scoped,sr,lm_head,all,0/1,4,1572694016.0,10622.31,3
component,scoped,sr,lm_head,all,0/1,4,1862753664.0,10612.15,4
component,scoped,sr,lm_head,all,0/1,4,1229320704.0,10595.72,5
component,scoped,rn,lm_head,all,0/1,5,2300.3,8603.16,1
component,scoped,rn,lm_head,all,0/1,5,2300.3,8607.27,2
component,scoped,rn,lm_head,all,0/1,5,2300.3,8632.17,3
component,scoped,rn,lm_head,all,0/1,5,2300.3,8706.53,4
component,scoped,rn,lm_head,all,0/1,5,2300.3,8590.07,5
component,scoped,sr,lm_head,all,0/1,5,739654.81,10791.78,1
component,scoped,sr,lm_head,all,0/1,5,585532.12,10651.24,2
component,scoped,sr,lm_head,all,0/1,5,684429.06,10605.39,3
component,scoped,sr,lm_head,all,0/1,5,711667.19,10600.68,4
component,scoped,sr,lm_head,all,0/1,5,806127.75,10614.89,5
component,scoped,rn,lm_head,all,0/1,6,519.18,8587.04,1
component,scoped,rn,lm_head,all,0/1,6,519.18,8616.42,2
component,scoped,rn,lm_head,all,0/1,6,519.18,8601.5,3
component,scoped,rn,lm_head,all,0/1,6,519.18,8575.88,4
component,scoped,rn,lm_head,all,0/1,6,519.18,8675.3,5
component,scoped,sr,lm_head,all,0/1,6,4822.72,10636.91,1
component,scoped,sr,lm_head,all,0/1,6,5109.18,10848.01,2
component,scoped,sr,lm_head,all,0/1,6,5523.79,10656.82,3
component,scoped,sr,lm_head,all,0/1,6,4386.48,10593.78,4
component,scoped,sr,lm_head,all,0/1,6,5426.7,10663.61,5
component,scoped,rn,lm_head,all,0/1,7,174.73,8595.31,1
component,scoped,rn,lm_head,all,0/1,7,174.73,8652.01,2
component,scoped,rn,lm_head,all,0/1,7,174.73,8575.46,3
component,scoped,rn,lm_head,all,0/1,7,174.73,8615.12,4
component,scoped,rn,lm_head,all,0/1,7,174.73,8557.37,5
component,scoped,sr,lm_head,all,0/1,7,448.38,10599.05,1
component,scoped,sr,lm_head,all,0/1,7,418.31,10620.42,2
component,scoped,sr,lm_head,all,0/1,7,432.48,10594.03,3
component,scoped,sr,lm_head,all,0/1,7,397.57,10591.1,4
component,scoped,sr,lm_head,all,0/1,7,432.24,10594.91,5
component,scoped,rn,lm_head,all,0/1,8,93.6,8593.75,1
component,scoped,rn,lm_head,all,0/1,8,93.6,8597.67,2
component,scoped,rn,lm_head,all,0/1,8,93.6,8566.31,3
component,scoped,rn,lm_head,all,0/1,8,93.6,8601.4,4
component,scoped,rn,lm_head,all,0/1,8,93.6,8736.4,5
component,scoped,sr,lm_head,all,0/1,8,141.41,10602.4,1
component,scoped,sr,lm_head,all,0/1,8,132.59,10601.71,2
component,scoped,sr,lm_head,all,0/1,8,130.51,10610.0,3
component,scoped,sr,lm_head,all,0/1,8,141.02,10599.59,4
component,scoped,sr,lm_head,all,0/1,8,132.28,10773.53,5
component,scoped,rn,lm_head,all,0/1,9,70.46,8838.35,1
component,scoped,rn,lm_head,all,0/1,9,70.46,8582.62,2
component,scoped,rn,lm_head,all,0/1,9,70.46,8574.95,3
component,scoped,rn,lm_head,all,0/1,9,70.46,8627.31,4
component,scoped,rn,lm_head,all,0/1,9,70.46,9068.99,5
component,scoped,sr,lm_head,all,0/1,9,78.41,10904.17,1
component,scoped,sr,lm_head,all,0/1,9,81.66,10678.07,2
component,scoped,sr,lm_head,all,0/1,9,80.51,10681.48,3
component,scoped,sr,lm_head,all,0/1,9,83.17,10697.98,4
component,scoped,sr,lm_head,all,0/1,9,80.06,10654.02,5
component,scoped,rn,lm_head,all,0/1,10,64.11,8618.21,1
component,scoped,rn,lm_head,all,0/1,10,64.11,8598.4,2
component,scoped,rn,lm_head,all,0/1,10,64.11,8645.98,3
component,scoped,rn,lm_head,all,0/1,10,64.11,8590.15,4
component,scoped,rn,lm_head,all,0/1,10,64.11,8675.08,5
component,scoped,sr,lm_head,all,0/1,10,67.98,10622.85,1
component,scoped,sr,lm_head,all,0/1,10,68.31,10610.69,2
component,scoped,sr,lm_head,all,0/1,10,67.48,10617.03,3
component,scoped,sr,lm_head,all,0/1,10,67.94,10691.47,4
component,scoped,sr,lm_head,all,0/1,10,69.21,10657.08,5
component,scoped,rn,lm_head,all,0/1,11,63.0,8679.84,1
component,scoped,rn,lm_head,all,0/1,11,63.0,8641.15,2
component,scoped,rn,lm_head,all,0/1,11,63.0,8694.24,3
component,scoped,rn,lm_head,all,0/1,11,63.0,8680.76,4
component,scoped,rn,lm_head,all,0/1,11,63.0,8599.37,5
component,scoped,sr,lm_head,all,0/1,11,63.6,10655.27,1
component,scoped,sr,lm_head,all,0/1,11,64.97,10610.34,2
component,scoped,sr,lm_head,all,0/1,11,63.06,10662.15,3
component,scoped,sr,lm_head,all,0/1,11,64.14,10601.47,4
component,scoped,sr,lm_head,all,0/1,11,63.75,10608.55,5
component,scoped,rn,lm_head,all,0/1,12,62.73,8661.54,1
component,scoped,rn,lm_head,all,0/1,12,62.73,8684.48,2
component,scoped,rn,lm_head,all,0/1,12,62.73,8691.42,3
component,scoped,rn,lm_head,all,0/1,12,62.73,8829.06,4
component,scoped,rn,lm_head,all,0/1,12,62.73,8736.86,5
component,scoped,sr,lm_head,all,0/1,12,62.85,10683.31,1
component,scoped,sr,lm_head,all,0/1,12,62.92,10645.05,2
component,scoped,sr,lm_head,all,0/1,12,62.81,10906.32,3
component,scoped,sr,lm_head,all,0/1,12,63.05,10767.92,4
component,scoped,sr,lm_head,all,0/1,12,62.89,10674.5,5
component,scoped,rn,lm_head,all,0/1,13,62.62,8708.19,1
component,scoped,rn,lm_head,all,0/1,13,62.62,8699.27,2
component,scoped,rn,lm_head,all,0/1,13,62.62,8724.75,3
component,scoped,rn,lm_head,all,0/1,13,62.62,8811.63,4
component,scoped,rn,lm_head,all,0/1,13,62.62,8680.95,5
component,scoped,sr,lm_head,all,0/1,13,62.64,10871.25,1
component,scoped,sr,lm_head,all,0/1,13,62.63,10704.61,2
component,scoped,sr,lm_head,all,0/1,13,62.55,10700.17,3
component,scoped,sr,lm_head,all,0/1,13,62.64,10728.14,4
component,scoped,sr,lm_head,all,0/1,13,62.66,11031.99,5
component,scoped,rn,lm_head,all,0/1,14,62.52,8905.48,1
component,scoped,rn,lm_head,all,0/1,14,62.52,8745.84,2
component,scoped,rn,lm_head,all,0/1,14,62.52,8948.8,3
component,scoped,rn,lm_head,all,0/1,14,62.52,8754.33,4
component,scoped,rn,lm_head,all,0/1,14,62.52,8830.41,5
component,scoped,sr,lm_head,all,0/1,14,62.5,10850.9,1
component,scoped,sr,lm_head,all,0/1,14,62.5,10757.69,2
component,scoped,sr,lm_head,all,0/1,14,62.48,10754.0,3
component,scoped,sr,lm_head,all,0/1,14,62.62,10902.62,4
component,scoped,sr,lm_head,all,0/1,14,62.54,10764.32,5
component,scoped,rn,mlp,all,0/1,4,9397.23,9194.47,1
component,scoped,rn,mlp,all,0/1,4,9397.23,9176.86,2
component,scoped,rn,mlp,all,0/1,4,9397.23,7960.97,3
component,scoped,rn,mlp,all,0/1,4,9397.23,9360.63,4
component,scoped,rn,mlp,all,0/1,4,9397.23,9167.6,5
component,scoped,sr,mlp,all,0/1,4,2282.1,11056.43,1
component,scoped,sr,mlp,all,0/1,4,2052.52,11059.99,2
component,scoped,sr,mlp,all,0/1,4,2509.82,11165.57,3
component,scoped,sr,mlp,all,0/1,4,2117.51,11228.78,4
component,scoped,sr,mlp,all,0/1,4,2233.9,11224.51,5
component,scoped,rn,mlp,all,0/1,5,2029.83,9188.45,1
component,scoped,rn,mlp,all,0/1,5,2029.83,9206.11,2
component,scoped,rn,mlp,all,0/1,5,2029.83,8862.76,3
component,scoped,rn,mlp,all,0/1,5,2029.83,9266.78,4
component,scoped,rn,mlp,all,0/1,5,2029.83,9324.82,5
component,scoped,sr,mlp,all,0/1,5,165.98,11143.49,1
component,scoped,sr,mlp,all,0/1,5,173.91,11080.65,2
component,scoped,sr,mlp,all,0/1,5,174.73,11110.57,3
component,scoped,sr,mlp,all,0/1,5,175.7,11115.03,4
component,scoped,sr,mlp,all,0/1,5,187.91,10976.35,5
component,scoped,rn,mlp,all,0/1,6,137.93,9157.89,1
component,scoped,rn,mlp,all,0/1,6,137.93,8924.47,2
component,scoped,rn,mlp,all,0/1,6,137.93,7962.31,3
component,scoped,rn,mlp,all,0/1,6,137.93,9279.06,4
component,scoped,rn,mlp,all,0/1,6,137.93,9108.36,5
component,scoped,sr,mlp,all,0/1,6,73.53,10914.3,1
component,scoped,sr,mlp,all,0/1,6,70.73,10919.88,2
component,scoped,sr,mlp,all,0/1,6,72.62,10990.81,3
component,scoped,sr,mlp,all,0/1,6,70.97,11030.03,4
component,scoped,sr,mlp,all,0/1,6,72.01,11035.38,5
component,scoped,rn,mlp,all,0/1,7,71.27,9138.77,1
component,scoped,rn,mlp,all,0/1,7,71.27,9142.95,2
component,scoped,rn,mlp,all,0/1,7,71.27,7607.79,3
component,scoped,rn,mlp,all,0/1,7,71.27,9211.51,4
component,scoped,rn,mlp,all,0/1,7,71.27,9195.56,5
component,scoped,sr,mlp,all,0/1,7,65.05,11005.51,1
component,scoped,sr,mlp,all,0/1,7,65.35,11036.83,2
component,scoped,sr,mlp,all,0/1,7,65.28,10995.8,3
component,scoped,sr,mlp,all,0/1,7,63.99,10897.81,4
component,scoped,sr,mlp,all,0/1,7,63.42,11000.29,5
component,scoped,rn,mlp,all,0/1,8,63.75,9154.06,1
component,scoped,rn,mlp,all,0/1,8,63.75,9117.57,2
component,scoped,rn,mlp,all,0/1,8,63.75,9120.56,3
component,scoped,rn,mlp,all,0/1,8,63.75,9414.65,4
component,scoped,rn,mlp,all,0/1,8,63.75,9100.81,5
component,scoped,sr,mlp,all,0/1,8,63.36,10887.13,1
component,scoped,sr,mlp,all,0/1,8,62.26,10938.64,2
component,scoped,sr,mlp,all,0/1,8,62.45,10894.71,3
component,scoped,sr,mlp,all,0/1,8,62.81,11003.21,4
component,scoped,sr,mlp,all,0/1,8,62.58,10921.57,5
component,scoped,rn,mlp,all,0/1,9,62.74,9293.59,1
component,scoped,rn,mlp,all,0/1,9,62.74,9085.09,2
component,scoped,rn,mlp,all,0/1,9,62.74,9105.95,3
component,scoped,rn,mlp,all,0/1,9,62.74,9215.6,4
component,scoped,rn,mlp,all,0/1,9,62.74,9098.95,5
component,scoped,sr,mlp,all,0/1,9,62.81,10964.34,1
component,scoped,sr,mlp,all,0/1,9,62.52,10985.26,2
component,scoped,sr,mlp,all,0/1,9,62.51,10932.99,3
component,scoped,sr,mlp,all,0/1,9,62.35,10973.33,4
component,scoped,sr,mlp,all,0/1,9,62.72,11007.63,5
component,scoped,rn,mlp,all,0/1,10,62.6,9087.49,1
component,scoped,rn,mlp,all,0/1,10,62.6,9199.55,2
component,scoped,rn,mlp,all,0/1,10,62.6,9096.72,3
component,scoped,rn,mlp,all,0/1,10,62.6,7356.12,4
component,scoped,rn,mlp,all,0/1,10,62.6,9132.58,5
component,scoped,sr,mlp,all,0/1,10,62.65,10950.35,1
component,scoped,sr,mlp,all,0/1,10,62.55,10942.25,2
component,scoped,sr,mlp,all,0/1,10,62.61,10862.78,3
component,scoped,sr,mlp,all,0/1,10,62.55,10924.94,4
component,scoped,sr,mlp,all,0/1,10,62.35,10993.37,5
component,scoped,rn,mlp,all,0/1,11,62.48,9115.8,1
component,scoped,rn,mlp,all,0/1,11,62.48,9117.15,2
component,scoped,rn,mlp,all,0/1,11,62.48,9106.25,3
component,scoped,rn,mlp,all,0/1,11,62.48,9204.71,4
component,scoped,rn,mlp,all,0/1,11,62.48,9194.86,5
component,scoped,sr,mlp,all,0/1,11,62.61,10902.14,1
component,scoped,sr,mlp,all,0/1,11,62.5,10886.99,2
component,scoped,sr,mlp,all,0/1,11,62.51,10904.97,3
component,scoped,sr,mlp,all,0/1,11,62.49,10904.15,4
component,scoped,sr,mlp,all,0/1,11,62.48,10884.67,5
component,scoped,rn,mlp,all,0/1,12,62.55,9102.82,1
component,scoped,rn,mlp,all,0/1,12,62.55,9272.46,2
component,scoped,rn,mlp,all,0/1,12,62.55,8032.38,3
component,scoped,rn,mlp,all,0/1,12,62.55,9140.53,4
component,scoped,rn,mlp,all,0/1,12,62.55,9061.16,5
component,scoped,sr,mlp,all,0/1,12,62.55,10970.05,1
component,scoped,sr,mlp,all,0/1,12,62.5,11026.8,2
component,scoped,sr,mlp,all,0/1,12,62.51,10910.24,3
component,scoped,sr,mlp,all,0/1,12,62.5,11081.76,4
component,scoped,sr,mlp,all,0/1,12,62.49,10940.33,5
component,scoped,rn,mlp,all,0/1,13,62.54,9090.43,1
component,scoped,rn,mlp,all,0/1,13,62.54,8984.08,2
component,scoped,rn,mlp,all,0/1,13,62.54,9132.86,3
component,scoped,rn,mlp,all,0/1,13,62.54,9129.81,4
component,scoped,rn,mlp,all,0/1,13,62.54,9141.84,5
component,scoped,sr,mlp,all,0/1,13,62.52,11040.8,1
component,scoped,sr,mlp,all,0/1,13,62.5,10888.96,2
component,scoped,sr,mlp,all,0/1,13,62.49,10910.8,3
component,scoped,sr,mlp,all,0/1,13,62.51,10976.07,4
component,scoped,sr,mlp,all,0/1,13,62.51,10933.16,5
component,scoped,rn,mlp,all,0/1,14,62.51,9100.05,1
component,scoped,rn,mlp,all,0/1,14,62.51,9222.61,2
component,scoped,rn,mlp,all,0/1,14,62.51,9068.72,3
component,scoped,rn,mlp,all,0/1,14,62.51,9144.12,4
component,scoped,rn,mlp,all,0/1,14,62.51,9180.47,5
component,scoped,sr,mlp,all,0/1,14,62.52,10938.66,1
component,scoped,sr,mlp,all,0/1,14,62.51,11036.24,2
component,scoped,sr,mlp,all,0/1,14,62.51,10953.58,3
component,scoped,sr,mlp,all,0/1,14,62.51,10966.9,4
component,scoped,sr,mlp,all,0/1,14,62.51,10937.49,5
cumulative,legacy,rn,mlp_c_proj,0,0/1,5,68.12,9125.1,1
cumulative,legacy,rn,mlp_c_proj,0,0/1,5,68.12,8781.18,2
cumulative,legacy,rn,mlp_c_proj,0,0/1,5,68.12,9117.86,3
cumulative,legacy,rn,mlp_c_proj,0,0/1,5,68.12,9241.85,4
cumulative,legacy,rn,mlp_c_proj,0,0/1,5,68.12,8092.92,5
cumulative,legacy,sr,mlp_c_proj,0,0/1,5,64.65,14114.99,1
cumulative,legacy,sr,mlp_c_proj,0,0/1,5,63.5,14188.99,2
cumulative,legacy,sr,mlp_c_proj,0,0/1,5,65.03,14137.6,3
cumulative,legacy,sr,mlp_c_proj,0,0/1,5,64.69,14233.27,4
cumulative,legacy,sr,mlp_c_proj,0,0/1,5,65.5,14202.61,5
cumulative,legacy,rn,mlp_c_proj,0-1,0/1,5,75.54,9095.67,1
cumulative,legacy,rn,mlp_c_proj,0-1,0/1,5,75.54,9067.18,2
cumulative,legacy,rn,mlp_c_proj,0-1,0/1,5,75.54,9108.88,3
cumulative,legacy,rn,mlp_c_proj,0-1,0/1,5,75.54,9231.64,4
cumulative,legacy,rn,mlp_c_proj,0-1,0/1,5,75.54,9060.06,5
cumulative,legacy,sr,mlp_c_proj,0-1,0/1,5,68.76,14286.13,1
cumulative,legacy,sr,mlp_c_proj,0-1,0/1,5,69.65,14221.12,2
cumulative,legacy,sr,mlp_c_proj,0-1,0/1,5,71.95,14260.82,3
cumulative,legacy,sr,mlp_c_proj,0-1,0/1,5,73.7,14104.34,4
cumulative,legacy,sr,mlp_c_proj,0-1,0/1,5,69.89,14091.92,5
cumulative,legacy,rn,mlp_c_proj,0-2,0/1,5,129.37,9079.15,1
cumulative,legacy,rn,mlp_c_proj,0-2,0/1,5,129.37,9085.17,2
cumulative,legacy,rn,mlp_c_proj,0-2,0/1,5,129.37,9102.29,3
cumulative,legacy,rn,mlp_c_proj,0-2,0/1,5,129.37,9230.12,4
cumulative,legacy,rn,mlp_c_proj,0-2,0/1,5,129.37,8958.97,5
cumulative,legacy,sr,mlp_c_proj,0-2,0/1,5,73.03,14261.22,1
cumulative,legacy,sr,mlp_c_proj,0-2,0/1,5,77.12,14203.1,2
cumulative,legacy,sr,mlp_c_proj,0-2,0/1,5,74.81,14213.4,3
cumulative,legacy,sr,mlp_c_proj,0-2,0/1,5,76.8,14080.51,4
cumulative,legacy,sr,mlp_c_proj,0-2,0/1,5,75.39,14158.77,5
cumulative,legacy,rn,mlp_c_proj,0-3,0/1,5,160.51,9104.55,1
cumulative,legacy,rn,mlp_c_proj,0-3,0/1,5,160.51,9327.34,2
cumulative,legacy,rn,mlp_c_proj,0-3,0/1,5,160.51,9107.9,3
cumulative,legacy,rn,mlp_c_proj,0-3,0/1,5,160.51,9144.03,4
cumulative,legacy,rn,mlp_c_proj,0-3,0/1,5,160.51,8106.17,5
cumulative,legacy,sr,mlp_c_proj,0-3,0/1,5,76.33,14207.95,1
cumulative,legacy,sr,mlp_c_proj,0-3,0/1,5,79.95,14433.95,2
cumulative,legacy,sr,mlp_c_proj,0-3,0/1,5,77.37,14120.27,3
cumulative,legacy,sr,mlp_c_proj,0-3,0/1,5,80.46,14127.6,4
cumulative,legacy,sr,mlp_c_proj,0-3,0/1,5,80.0,14160.3,5
cumulative,legacy,rn,mlp_c_proj,0-4,0/1,5,204.31,9131.24,1
cumulative,legacy,rn,mlp_c_proj,0-4,0/1,5,204.31,9193.12,2
cumulative,legacy,rn,mlp_c_proj,0-4,0/1,5,204.31,9142.73,3
cumulative,legacy,rn,mlp_c_proj,0-4,0/1,5,204.31,9131.4,4
cumulative,legacy,rn,mlp_c_proj,0-4,0/1,5,204.31,8091.36,5
cumulative,legacy,sr,mlp_c_proj,0-4,0/1,5,79.53,14258.93,1
cumulative,legacy,sr,mlp_c_proj,0-4,0/1,5,82.36,14129.85,2
cumulative,legacy,sr,mlp_c_proj,0-4,0/1,5,83.58,14067.13,3
cumulative,legacy,sr,mlp_c_proj,0-4,0/1,5,84.7,14158.88,4
cumulative,legacy,sr,mlp_c_proj,0-4,0/1,5,80.43,14236.53,5
cumulative,legacy,rn,mlp_c_proj,0-5,0/1,5,250.0,9125.94,1
cumulative,legacy,rn,mlp_c_proj,0-5,0/1,5,250.0,9150.92,2
cumulative,legacy,rn,mlp_c_proj,0-5,0/1,5,250.0,9178.2,3
cumulative,legacy,rn,mlp_c_proj,0-5,0/1,5,250.0,9086.02,4
cumulative,legacy,rn,mlp_c_proj,0-5,0/1,5,250.0,8214.45,5
cumulative,legacy,sr,mlp_c_proj,0-5,0/1,5,82.77,14076.87,1
cumulative,legacy,sr,mlp_c_proj,0-5,0/1,5,87.16,14081.71,2
cumulative,legacy,sr,mlp_c_proj,0-5,0/1,5,87.26,14070.19,3
cumulative,legacy,sr,mlp_c_proj,0-5,0/1,5,86.82,14119.99,4
cumulative,legacy,sr,mlp_c_proj,0-5,0/1,5,86.2,14135.72,5
cumulative,scoped,rn,mlp_c_proj,0,0/1,4,85.13,9191.62,1
cumulative,scoped,rn,mlp_c_proj,0,0/1,4,85.13,9085.29,2
cumulative,scoped,rn,mlp_c_proj,0,0/1,4,85.13,9205.28,3
cumulative,scoped,rn,mlp_c_proj,0,0/1,4,85.13,9131.05,4
cumulative,scoped,rn,mlp_c_proj,0,0/1,4,85.13,8299.64,5
cumulative,scoped,sr,mlp_c_proj,0,0/1,4,83.46,9248.08,1
cumulative,scoped,sr,mlp_c_proj,0,0/1,4,84.54,9516.67,2
cumulative,scoped,sr,mlp_c_proj,0,0/1,4,84.35,9269.61,3
cumulative,scoped,sr,mlp_c_proj,0,0/1,4,84.27,9252.4,4
cumulative,scoped,sr,mlp_c_proj,0,0/1,4,79.6,9463.85,5
cumulative,scoped,rn,mlp_c_proj,0,0/1,5,68.12,9150.17,1
cumulative,scoped,rn,mlp_c_proj,0,0/1,5,68.12,9112.46,2
cumulative,scoped,rn,mlp_c_proj,0,0/1,5,68.12,7931.58,3
cumulative,scoped,rn,mlp_c_proj,0,0/1,5,68.12,9171.23,4
cumulative,scoped,rn,mlp_c_proj,0,0/1,5,68.12,8277.88,5
cumulative,scoped,sr,mlp_c_proj,0,0/1,5,66.31,9257.61,1
cumulative,scoped,sr,mlp_c_proj,0,0/1,5,63.91,9269.79,2
cumulative,scoped,sr,mlp_c_proj,0,0/1,5,64.25,9251.38,3
cumulative,scoped,sr,mlp_c_proj,0,0/1,5,64.89,9261.37,4
cumulative,scoped,sr,mlp_c_proj,0,0/1,5,63.54,9317.14,5
cumulative,scoped,rn,mlp_c_proj,0,0/1,6,62.91,9087.42,1
cumulative,scoped,rn,mlp_c_proj,0,0/1,6,62.91,9104.21,2
cumulative,scoped,rn,mlp_c_proj,0,0/1,6,62.91,7861.8,3
cumulative,scoped,rn,mlp_c_proj,0,0/1,6,62.91,9174.79,4
cumulative,scoped,rn,mlp_c_proj,0,0/1,6,62.91,8416.42,5
cumulative,scoped,sr,mlp_c_proj,0,0/1,6,63.56,9309.77,1
cumulative,scoped,sr,mlp_c_proj,0,0/1,6,63.28,9254.24,2
cumulative,scoped,sr,mlp_c_proj,0,0/1,6,62.74,9232.96,3
cumulative,scoped,sr,mlp_c_proj,0,0/1,6,62.37,9255.0,4
cumulative,scoped,sr,mlp_c_proj,0,0/1,6,62.94,9263.4,5
cumulative,scoped,rn,mlp_c_proj,0-1,0/1,4,220.2,9264.57,1
cumulative,scoped,rn,mlp_c_proj,0-1,0/1,4,220.2,8938.59,2
cumulative,scoped,rn,mlp_c_proj,0-1,0/1,4,220.2,8940.48,3
cumulative,scoped,rn,mlp_c_proj,0-1,0/1,4,220.2,9155.98,4
cumulative,scoped,rn,mlp_c_proj,0-1,0/1,4,220.2,8779.2,5
cumulative,scoped,sr,mlp_c_proj,0-1,0/1,4,181.73,9415.12,1
cumulative,scoped,sr,mlp_c_proj,0-1,0/1,4,177.18,9445.62,2
cumulative,scoped,sr,mlp_c_proj,0-1,0/1,4,170.62,9418.88,3
cumulative,scoped,sr,mlp_c_proj,0-1,0/1,4,180.91,9392.52,4
cumulative,scoped,sr,mlp_c_proj,0-1,0/1,4,162.08,9374.49,5
cumulative,scoped,rn,mlp_c_proj,0-1,0/1,5,75.54,9163.65,1
cumulative,scoped,rn,mlp_c_proj,0-1,0/1,5,75.54,9084.41,2
cumulative,scoped,rn,mlp_c_proj,0-1,0/1,5,75.54,9093.03,3
cumulative,scoped,rn,mlp_c_proj,0-1,0/1,5,75.54,9240.96,4
cumulative,scoped,rn,mlp_c_proj,0-1,0/1,5,75.54,9072.05,5
cumulative,scoped,sr,mlp_c_proj,0-1,0/1,5,68.11,9443.09,1
cumulative,scoped,sr,mlp_c_proj,0-1,0/1,5,71.64,9443.21,2
cumulative,scoped,sr,mlp_c_proj,0-1,0/1,5,68.91,9404.19,3
cumulative,scoped,sr,mlp_c_proj,0-1,0/1,5,69.91,9384.58,4
cumulative,scoped,sr,mlp_c_proj,0-1,0/1,5,67.52,9367.97,5
cumulative,scoped,rn,mlp_c_proj,0-1,0/1,6,63.17,9089.5,1
cumulative,scoped,rn,mlp_c_proj,0-1,0/1,6,63.17,9086.47,2
cumulative,scoped,rn,mlp_c_proj,0-1,0/1,6,63.17,9099.7,3
cumulative,scoped,rn,mlp_c_proj,0-1,0/1,6,63.17,9101.34,4
cumulative,scoped,rn,mlp_c_proj,0-1,0/1,6,63.17,9105.86,5
cumulative,scoped,sr,mlp_c_proj,0-1,0/1,6,62.59,9426.12,1
cumulative,scoped,sr,mlp_c_proj,0-1,0/1,6,64.67,9448.69,2
cumulative,scoped,sr,mlp_c_proj,0-1,0/1,6,63.49,9446.3,3
cumulative,scoped,sr,mlp_c_proj,0-1,0/1,6,63.03,9425.72,4
cumulative,scoped,sr,mlp_c_proj,0-1,0/1,6,62.45,9423.21,5
cumulative,scoped,rn,mlp_c_proj,0-2,0/1,4,487.27,9102.4,1
cumulative,scoped,rn,mlp_c_proj,0-2,0/1,4,487.27,9155.46,2
cumulative,scoped,rn,mlp_c_proj,0-2,0/1,4,487.27,9148.9,3
cumulative,scoped,rn,mlp_c_proj,0-2,0/1,4,487.27,9128.41,4
cumulative,scoped,rn,mlp_c_proj,0-2,0/1,4,487.27,9085.49,5
cumulative,scoped,sr,mlp_c_proj,0-2,0/1,4,265.71,9612.41,1
cumulative,scoped,sr,mlp_c_proj,0-2,0/1,4,221.33,9599.57,2
cumulative,scoped,sr,mlp_c_proj,0-2,0/1,4,226.59,9516.04,3
cumulative,scoped,sr,mlp_c_proj,0-2,0/1,4,258.94,9563.71,4
cumulative,scoped,sr,mlp_c_proj,0-2,0/1,4,248.33,9558.37,5
cumulative,scoped,rn,mlp_c_proj,0-2,0/1,5,129.37,9135.45,1
cumulative,scoped,rn,mlp_c_proj,0-2,0/1,5,129.37,9069.77,2
cumulative,scoped,rn,mlp_c_proj,0-2,0/1,5,129.37,9084.59,3
cumulative,scoped,rn,mlp_c_proj,0-2,0/1,5,129.37,9114.77,4
cumulative,scoped,rn,mlp_c_proj,0-2,0/1,5,129.37,9070.37,5
cumulative,scoped,sr,mlp_c_proj,0-2,0/1,5,72.42,9570.57,1
cumulative,scoped,sr,mlp_c_proj,0-2,0/1,5,73.24,9602.11,2
cumulative,scoped,sr,mlp_c_proj,0-2,0/1,5,75.48,9562.79,3
cumulative,scoped,sr,mlp_c_proj,0-2,0/1,5,72.47,9592.33,4
cumulative,scoped,sr,mlp_c_proj,0-2,0/1,5,72.68,9534.21,5
cumulative,scoped,rn,mlp_c_proj,0-2,0/1,6,65.41,9126.93,1
cumulative,scoped,rn,mlp_c_proj,0-2,0/1,6,65.41,9079.53,2
cumulative,scoped,rn,mlp_c_proj,0-2,0/1,6,65.41,9077.07,3
cumulative,scoped,rn,mlp_c_proj,0-2,0/1,6,65.41,9107.52,4
cumulative,scoped,rn,mlp_c_proj,0-2,0/1,6,65.41,8222.03,5
cumulative,scoped,sr,mlp_c_proj,0-2,0/1,6,63.75,9573.73,1
cumulative,scoped,sr,mlp_c_proj,0-2,0/1,6,65.0,9603.14,2
cumulative,scoped,sr,mlp_c_proj,0-2,0/1,6,63.16,9567.42,3
cumulative,scoped,sr,mlp_c_proj,0-2,0/1,6,64.03,9725.8,4
cumulative,scoped,sr,mlp_c_proj,0-2,0/1,6,63.06,9520.29,5
cumulative,scoped,rn,mlp_c_proj,0-3,0/1,4,841.03,9093.54,1
cumulative,scoped,rn,mlp_c_proj,0-3,0/1,4,841.03,9110.0,2
cumulative,scoped,rn,mlp_c_proj,0-3,0/1,4,841.03,9177.78,3
cumulative,scoped,rn,mlp_c_proj,0-3,0/1,4,841.03,9130.93,4
cumulative,scoped,rn,mlp_c_proj,0-3,0/1,4,841.03,9167.99,5
cumulative,scoped,sr,mlp_c_proj,0-3,0/1,4,340.62,9744.36,1
cumulative,scoped,sr,mlp_c_proj,0-3,0/1,4,353.15,9727.72,2
cumulative,scoped,sr,mlp_c_proj,0-3,0/1,4,314.11,9683.67,3
cumulative,scoped,sr,mlp_c_proj,0-3,0/1,4,339.33,9754.71,4
cumulative,scoped,sr,mlp_c_proj,0-3,0/1,4,327.22,9707.93,5
cumulative,scoped,rn,mlp_c_proj,0-3,0/1,5,160.51,9108.71,1
cumulative,scoped,rn,mlp_c_proj,0-3,0/1,5,160.51,9232.11,2
cumulative,scoped,rn,mlp_c_proj,0-3,0/1,5,160.51,9128.21,3
cumulative,scoped,rn,mlp_c_proj,0-3,0/1,5,160.51,9093.29,4
cumulative,scoped,rn,mlp_c_proj,0-3,0/1,5,160.51,8250.34,5
cumulative,scoped,sr,mlp_c_proj,0-3,0/1,5,78.04,9741.55,1
cumulative,scoped,sr,mlp_c_proj,0-3,0/1,5,79.39,9856.56,2
cumulative,scoped,sr,mlp_c_proj,0-3,0/1,5,77.98,9693.02,3
cumulative,scoped,sr,mlp_c_proj,0-3,0/1,5,76.6,9763.32,4
cumulative,scoped,sr,mlp_c_proj,0-3,0/1,5,76.75,9697.81,5
cumulative,scoped,rn,mlp_c_proj,0-3,0/1,6,67.34,9222.46,1
cumulative,scoped,rn,mlp_c_proj,0-3,0/1,6,67.34,9134.01,2
cumulative,scoped,rn,mlp_c_proj,0-3,0/1,6,67.34,9263.66,3
cumulative,scoped,rn,mlp_c_proj,0-3,0/1,6,67.34,9132.23,4
cumulative,scoped,rn,mlp_c_proj,0-3,0/1,6,67.34,8344.24,5
cumulative,scoped,sr,mlp_c_proj,0-3,0/1,6,65.26,9724.05,1
cumulative,scoped,sr,mlp_c_proj,0-3,0/1,6,66.7,9723.52,2
cumulative,scoped,sr,mlp_c_proj,0-3,0/1,6,64.09,9708.26,3
cumulative,scoped,sr,mlp_c_proj,0-3,0/1,6,64.02,9839.08,4
cumulative,scoped,sr,mlp_c_proj,0-3,0/1,6,63.7,9917.75,5
cumulative,scoped,rn,mlp_c_proj,0-4,0/1,4,1499.15,9258.06,1
cumulative,scoped,rn,mlp_c_proj,0-4,0/1,4,1499.15,9081.88,2
cumulative,scoped,rn,mlp_c_proj,0-4,0/1,4,1499.15,9169.92,3
cumulative,scoped,rn,mlp_c_proj,0-4,0/1,4,1499.15,9209.97,4
cumulative,scoped,rn,mlp_c_proj,0-4,0/1,4,1499.15,8800.67,5
cumulative,scoped,sr,mlp_c_proj,0-4,0/1,4,404.01,9864.26,1
cumulative,scoped,sr,mlp_c_proj,0-4,0/1,4,382.86,9880.52,2
cumulative,scoped,sr,mlp_c_proj,0-4,0/1,4,357.81,9820.98,3
cumulative,scoped,sr,mlp_c_proj,0-4,0/1,4,466.18,9802.07,4
cumulative,scoped,sr,mlp_c_proj,0-4,0/1,4,401.74,9977.02,5
cumulative,scoped,rn,mlp_c_proj,0-4,0/1,5,204.31,9121.59,1
cumulative,scoped,rn,mlp_c_proj,0-4,0/1,5,204.31,9305.7,2
cumulative,scoped,rn,mlp_c_proj,0-4,0/1,5,204.31,9223.12,3
cumulative,scoped,rn,mlp_c_proj,0-4,0/1,5,204.31,9111.75,4
cumulative,scoped,rn,mlp_c_proj,0-4,0/1,5,204.31,8383.19,5
cumulative,scoped,sr,mlp_c_proj,0-4,0/1,5,83.41,9834.88,1
cumulative,scoped,sr,mlp_c_proj,0-4,0/1,5,84.06,9877.86,2
cumulative,scoped,sr,mlp_c_proj,0-4,0/1,5,82.02,9877.57,3
cumulative,scoped,sr,mlp_c_proj,0-4,0/1,5,83.24,9888.62,4
cumulative,scoped,sr,mlp_c_proj,0-4,0/1,5,82.98,9841.78,5
cumulative,scoped,rn,mlp_c_proj,0-4,0/1,6,74.63,9094.34,1
cumulative,scoped,rn,mlp_c_proj,0-4,0/1,6,74.63,8676.59,2
cumulative,scoped,rn,mlp_c_proj,0-4,0/1,6,74.63,9223.01,3
cumulative,scoped,rn,mlp_c_proj,0-4,0/1,6,74.63,9100.06,4
cumulative,scoped,rn,mlp_c_proj,0-4,0/1,6,74.63,9057.36,5
cumulative,scoped,sr,mlp_c_proj,0-4,0/1,6,65.85,9812.3,1
cumulative,scoped,sr,mlp_c_proj,0-4,0/1,6,66.32,9878.14,2
cumulative,scoped,sr,mlp_c_proj,0-4,0/1,6,65.13,9855.05,3
cumulative,scoped,sr,mlp_c_proj,0-4,0/1,6,65.91,10053.72,4
cumulative,scoped,sr,mlp_c_proj,0-4,0/1,6,65.97,9844.92,5
cumulative,scoped,rn,mlp_c_proj,0-5,0/1,4,1934.17,9100.76,1
cumulative,scoped,rn,mlp_c_proj,0-5,0/1,4,1934.17,8692.44,2
cumulative,scoped,rn,mlp_c_proj,0-5,0/1,4,1934.17,9211.69,3
cumulative,scoped,rn,mlp_c_proj,0-5,0/1,4,1934.17,9257.5,4
cumulative,scoped,rn,mlp_c_proj,0-5,0/1,4,1934.17,8751.05,5
cumulative,scoped,sr,mlp_c_proj,0-5,0/1,4,491.17,10002.11,1
cumulative,scoped,sr,mlp_c_proj,0-5,0/1,4,457.72,10039.61,2
cumulative,scoped,sr,mlp_c_proj,0-5,0/1,4,438.7,10010.47,3
cumulative,scoped,sr,mlp_c_proj,0-5,0/1,4,468.54,9969.08,4
cumulative,scoped,sr,mlp_c_proj,0-5,0/1,4,448.95,10038.39,5
cumulative,scoped,rn,mlp_c_proj,0-5,0/1,5,250.0,9115.72,1
cumulative,scoped,rn,mlp_c_proj,0-5,0/1,5,250.0,8939.72,2
cumulative,scoped,rn,mlp_c_proj,0-5,0/1,5,250.0,9203.18,3
cumulative,scoped,rn,mlp_c_proj,0-5,0/1,5,250.0,9138.72,4
cumulative,scoped,rn,mlp_c_proj,0-5,0/1,5,250.0,8317.57,5
cumulative,scoped,sr,mlp_c_proj,0-5,0/1,5,86.58,9945.33,1
cumulative,scoped,sr,mlp_c_proj,0-5,0/1,5,88.65,10004.66,2
cumulative,scoped,sr,mlp_c_proj,0-5,0/1,5,83.63,9973.51,3
cumulative,scoped,sr,mlp_c_proj,0-5,0/1,5,84.23,10038.77,4
cumulative,scoped,sr,mlp_c_proj,0-5,0/1,5,84.04,9996.77,5
cumulative,scoped,rn,mlp_c_proj,0-5,0/1,6,79.64,9136.98,1
cumulative,scoped,rn,mlp_c_proj,0-5,0/1,6,79.64,8776.4,2
cumulative,scoped,rn,mlp_c_proj,0-5,0/1,6,79.64,9135.0,3
cumulative,scoped,rn,mlp_c_proj,0-5,0/1,6,79.64,9116.49,4
cumulative,scoped,rn,mlp_c_proj,0-5,0/1,6,79.64,9061.54,5
cumulative,scoped,sr,mlp_c_proj,0-5,0/1,6,65.57,10115.52,1
cumulative,scoped,sr,mlp_c_proj,0-5,0/1,6,66.45,10075.78,2
cumulative,scoped,sr,mlp_c_proj,0-5,0/1,6,65.82,9979.72,3
cumulative,scoped,sr,mlp_c_proj,0-5,0/1,6,66.15,9984.72,4
cumulative,scoped,sr,mlp_c_proj,0-5,0/1,6,67.2,10121.95,5
global,corrected,rn,global,all,0/1,2,297903.41,8714.83,1
global,corrected,sr,global,all,0/1,2,2.887167198754715e+22,14139.97,1
global,corrected,sr,global,all,0/1,2,2.2041292116295313e+22,14084.99,2
global,corrected,sr,global,all,0/1,2,3.2783835267953307e+21,12987.2,3
global,corrected,sr,global,all,0/1,2,2.0425729332767577e+22,14109.28,4
global,corrected,sr,global,all,0/1,2,3.5432635833040566e+21,13807.54,5
global,corrected,rn,global,all,0/1,3,123794.65,8793.84,1
global,corrected,sr,global,all,0/1,3,1.1758285580612403e+17,13960.9,1
global,corrected,sr,global,all,0/1,3,4.759050538241229e+17,14007.6,2
global,corrected,sr,global,all,0/1,3,1.1152668563079168e+17,12964.58,3
global,corrected,sr,global,all,0/1,3,1.5218268284597043e+17,14295.02,4
global,corrected,sr,global,all,0/1,3,8.496329043958825e+17,13047.49,5
global,corrected,rn,global,all,0/1,4,34664.06,8490.7,1
global,corrected,sr,global,all,0/1,4,36748386304.0,13778.95,1
global,corrected,sr,global,all,0/1,4,121298075648.0,13748.91,2
global,corrected,sr,global,all,0/1,4,58150854656.0,12754.08,3
global,corrected,sr,global,all,0/1,4,240793780224.0,13819.23,4
global,corrected,sr,global,all,0/1,4,104105975808.0,13651.39,5
global,corrected,rn,global,all,0/1,5,5557.93,8501.01,1
global,corrected,sr,global,all,0/1,5,6800098.5,13592.07,1
global,corrected,sr,global,all,0/1,5,6536523.0,13535.03,2
global,corrected,sr,global,all,0/1,5,5954881.5,12679.18,3
global,corrected,sr,global,all,0/1,5,5850613.0,13902.34,4
global,corrected,sr,global,all,0/1,5,5887554.5,12725.5,5
global,corrected,rn,global,all,0/1,6,1084.25,7892.33,1
global,corrected,sr,global,all,0/1,6,7933.69,13585.31,1
global,corrected,sr,global,all,0/1,6,6878.41,13666.35,2
global,corrected,sr,global,all,0/1,6,9242.93,12533.19,3
global,corrected,sr,global,all,0/1,6,7888.75,13445.85,4
global,corrected,sr,global,all,0/1,6,9423.93,13284.34,5
global,corrected,rn,global,all,0/1,7,216.67,8261.3,1
global,corrected,sr,global,all,0/1,7,440.0,13515.28,1
global,corrected,sr,global,all,0/1,7,435.7,13440.38,2
global,corrected,sr,global,all,0/1,7,468.53,12582.62,3
global,corrected,sr,global,all,0/1,7,449.32,13673.11,4
global,corrected,sr,global,all,0/1,7,469.93,13113.2,5
global,corrected,rn,global,all,0/1,8,97.68,7824.71,1
global,corrected,sr,global,all,0/1,8,137.04,13517.35,1
global,corrected,sr,global,all,0/1,8,142.08,13479.65,2
global,corrected,sr,global,all,0/1,8,141.28,12573.36,3
global,corrected,sr,global,all,0/1,8,141.92,13465.18,4
global,corrected,sr,global,all,0/1,8,134.03,13130.47,5
global,corrected,rn,global,all,0/1,9,70.5,7967.78,1
global,corrected,sr,global,all,0/1,9,82.29,13375.58,1
global,corrected,sr,global,all,0/1,9,83.24,13555.89,2
global,corrected,sr,global,all,0/1,9,81.43,12557.79,3
global,corrected,sr,global,all,0/1,9,81.94,13565.13,4
global,corrected,sr,global,all,0/1,9,84.31,13116.46,5
global,corrected,rn,global,all,0/1,10,64.0,9200.82,1
global,corrected,sr,global,all,0/1,10,69.01,13573.75,1
global,corrected,sr,global,all,0/1,10,69.1,13470.46,2
global,corrected,sr,global,all,0/1,10,68.08,12487.79,3
global,corrected,sr,global,all,0/1,10,69.81,13525.05,4
global,corrected,sr,global,all,0/1,10,68.03,12592.73,5
global,corrected,rn,global,all,0/1,11,62.79,8465.81,1
global,corrected,sr,global,all,0/1,11,63.6,13503.35,1
global,corrected,sr,global,all,0/1,11,64.2,13375.01,2
global,corrected,sr,global,all,0/1,11,64.15,12572.19,3
global,corrected,sr,global,all,0/1,11,63.37,13516.14,4
global,corrected,sr,global,all,0/1,11,63.9,12628.47,5
global,corrected,rn,global,all,0/1,12,62.88,7848.22,1
global,corrected,sr,global,all,0/1,12,63.0,13574.03,1
global,corrected,sr,global,all,0/1,12,62.62,13418.05,2
global,corrected,sr,global,all,0/1,12,63.03,12701.23,3
global,corrected,sr,global,all,0/1,12,63.01,12593.97,4
global,corrected,sr,global,all,0/1,12,62.71,13153.36,5
global,corrected,rn,global,all,0/1,13,62.63,8001.74,1
global,corrected,sr,global,all,0/1,13,62.87,13498.38,1
global,corrected,sr,global,all,0/1,13,62.45,13574.67,2
global,corrected,sr,global,all,0/1,13,62.71,12599.61,3
global,corrected,sr,global,all,0/1,13,62.41,12603.06,4
global,corrected,sr,global,all,0/1,13,62.67,13151.91,5
global,corrected,rn,global,all,0/1,14,62.51,8048.43,1
global,corrected,sr,global,all,0/1,14,62.48,13722.17,1
global,corrected,sr,global,all,0/1,14,62.52,13634.24,2
global,corrected,sr,global,all,0/1,14,62.56,13528.62,3
global,corrected,sr,global,all,0/1,14,62.55,12683.25,4
global,corrected,sr,global,all,0/1,14,62.46,13257.17,5
global,scoped,ieee,global,all,0/1,24,62.51,13566.96,1
global,scoped,ieee,global,all,0/1,24,62.51,11771.48,2
global,scoped,ieee,global,all,0/1,24,62.51,14058.35,3
global,scoped,ieee,global,all,0/1,24,62.51,13121.05,4
global,scoped,ieee,global,all,0/1,24,62.51,10394.05,5
mixed,scoped,mixed,mixed,all,0/1,,102.02,9637.2,1
mixed,scoped,mixed,mixed,all,0/1,,102.14,9651.21,2
mixed,scoped,mixed,mixed,all,0/1,,104.52,9633.78,3
mixed,scoped,mixed,mixed,all,0/1,,111.88,9784.35,4
mixed,scoped,mixed,mixed,all,0/1,,109.13,9704.55,5
mixed,scoped,mixed,mixed,all,0/1,,97.47,9729.66,6
mixed,scoped,mixed,mixed,all,0/1,,92.51,9712.88,7
mixed,scoped,mixed,mixed,all,0/1,,104.97,9664.98,8
mixed,scoped,mixed,mixed,all,0/1,,101.6,9694.97,9
mixed,scoped,mixed,mixed,all,0/1,,100.19,9683.68,10
mixed,scoped,mixed,mixed,all,0/1,,113.5,9665.31,11
mixed,scoped,mixed,mixed,all,0/1,,100.54,9684.43,12
mixed,scoped,mixed,mixed,all,0/1,,102.26,9654.72,13
mixed,scoped,mixed,mixed,all,0/1,,104.02,9703.97,14
mixed,scoped,mixed,mixed,all,0/1,,106.55,9684.92,15
mixed,scoped,mixed,mixed,all,0/1,,106.31,9654.94,16
mixed,scoped,mixed,mixed,all,0/1,,117.25,9677.52,17
mixed,scoped,mixed,mixed,all,0/1,,105.36,9675.26,18
mixed,scoped,mixed,mixed,all,0/1,,103.95,9664.55,19
mixed,scoped,mixed,mixed,all,0/1,,100.52,9667.06,20
mixed,scoped,mixed,mixed,all,0/1,,106.32,9689.68,21
mixed,scoped,mixed,mixed,all,0/1,,102.24,9772.94,22
mixed,scoped,mixed,mixed,all,0/1,,101.64,9708.17,23
mixed,scoped,mixed,mixed,all,0/1,,99.84,9668.55,24
mixed,scoped,mixed,mixed,all,0/1,,109.89,9657.53,25
mixed,scoped,mixed,mixed,all,0/1,,103.66,9921.49,26
mixed,scoped,mixed,mixed,all,0/1,,104.62,9957.49,27
mixed,scoped,mixed,mixed,all,0/1,,102.19,9928.24,28
mixed,scoped,mixed,mixed,all,0/1,,101.72,9924.58,29
mixed,scoped,mixed,mixed,all,0/1,,107.77,9913.48,30
mixed,scoped,mixed,mixed,all,0/1,,103.22,9973.5,31
mixed,scoped,mixed,mixed,all,0/1,,105.2,10073.61,32
mixed,scoped,mixed,mixed,all,0/1,,97.77,9922.41,33
mixed,scoped,mixed,mixed,all,0/1,,100.23,9919.72,34
mixed,scoped,mixed,mixed,all,0/1,,108.33,9936.7,35
mixed,scoped,mixed,mixed,all,0/1,,100.02,10050.37,36
mixed,scoped,mixed,mixed,all,0/1,,114.15,9929.07,37
mixed,scoped,mixed,mixed,all,0/1,,103.91,9955.4,38
mixed,scoped,mixed,mixed,all,0/1,,106.72,9979.47,39
mixed,scoped,mixed,mixed,all,0/1,,104.23,9965.96,40
mixed,scoped,mixed,mixed,all,0/1,,107.9,9944.93,41
mixed,scoped,mixed,mixed,all,0/1,,105.74,9982.83,42
mixed,scoped,mixed,mixed,all,0/1,,102.39,9933.89,43
mixed,scoped,mixed,mixed,all,0/1,,101.32,9954.84,44
mixed,scoped,mixed,mixed,all,0/1,,97.82,9909.85,45
mixed,scoped,mixed,mixed,all,0/1,,111.27,9827.06,46
mixed,scoped,mixed,mixed,all,0/1,,112.81,9797.2,47
mixed,scoped,mixed,mixed,all,0/1,,106.36,9766.54,48
mixed,scoped,mixed,mixed,all,0/1,,105.99,9755.85,49
mixed,scoped,mixed,mixed,all,0/1,,97.99,9743.8,50
mixed,scoped,mixed,mixed,all,0/1,,94.48,9784.27,51
mixed,scoped,mixed,mixed,all,0/1,,99.89,9808.57,52
mixed,scoped,mixed,mixed,all,0/1,,101.04,9745.26,53
mixed,scoped,mixed,mixed,all,0/1,,100.07,9755.89,54
mixed,scoped,mixed,mixed,all,0/1,,106.54,9868.17,55
mixed,scoped,mixed,mixed,all,0/1,,102.72,9810.54,56
mixed,scoped,mixed,mixed,all,0/1,,98.5,9741.91,57
mixed,scoped,mixed,mixed,all,0/1,,104.09,9772.38,58
mixed,scoped,mixed,mixed,all,0/1,,100.57,9752.2,59
mixed,scoped,mixed,mixed,all,0/1,,103.06,9824.57,60
mixed,scoped,mixed,mixed,all,0/1,,106.05,9747.8,61
mixed,scoped,mixed,mixed,all,0/1,,99.87,9668.45,62
mixed,scoped,mixed,mixed,all,0/1,,104.81,9683.03,63
mixed,scoped,mixed,mixed,all,0/1,,103.14,9655.77,64
mixed,scoped,mixed,mixed,all,0/1,,105.18,9657.68,65
mixed,scoped,mixed,mixed,all,0/1,,103.3,9694.38,66
mixed,scoped,mixed,mixed,all,0/1,,99.95,9641.32,67
mixed,scoped,mixed,mixed,all,0/1,,98.47,9649.14,68
mixed,scoped,mixed,mixed,all,0/1,,100.63,9662.21,69
mixed,scoped,mixed,mixed,all,0/1,,103.11,9708.53,70
mixed,scoped,mixed,pure_rn,all,0/1,,163.87,8569.11,1
mixed,scoped,mixed,pure_rn,all,0/1,,163.87,8577.0,2
mixed,scoped,mixed,pure_rn,all,0/1,,163.87,8617.66,3
mixed,scoped,mixed,pure_rn,all,0/1,,163.87,8635.77,4
mixed,scoped,mixed,pure_rn,all,0/1,,163.87,6656.55,5
mixed,scoped,mixed,pure_sr,all,0/1,,88.94,12856.78,1
mixed,scoped,mixed,pure_sr,all,0/1,,88.82,12841.64,2
mixed,scoped,mixed,pure_sr,all,0/1,,89.42,13268.41,3
mixed,scoped,mixed,pure_sr,all,0/1,,90.18,12888.3,4
mixed,scoped,mixed,pure_sr,all,0/1,,101.08,13182.56,5
mixed,scoped,mixed,pure_sr,all,0/1,,93.93,12524.51,6
mixed,scoped,mixed,pure_sr,all,0/1,,89.86,12440.66,7
mixed,scoped,mixed,pure_sr,all,0/1,,93.23,12526.62,8
mixed,scoped,mixed,pure_sr,all,0/1,,97.43,12534.58,9
mixed,scoped,mixed,pure_sr,all,0/1,,92.43,12584.51,10
mixed,scoped,mixed,pure_sr,all,0/1,,91.34,12484.01,11
mixed,scoped,mixed,pure_sr,all,0/1,,90.8,12370.25,12
mixed,scoped,mixed,pure_sr,all,0/1,,98.86,13247.89,13
mixed,scoped,mixed,pure_sr,all,0/1,,92.94,13184.64,14
mixed,scoped,mixed,pure_sr,all,0/1,,93.0,13262.12,15
mixed,scoped,mixed,pure_sr,all,0/1,,86.72,13239.13,16
mixed,scoped,mixed,pure_sr,all,0/1,,93.87,13185.59,17
mixed,scoped,mixed,pure_sr,all,0/1,,95.57,13304.45,18
mixed,scoped,mixed,pure_sr,all,0/1,,95.8,13147.18,19
mixed,scoped,mixed,pure_sr,all,0/1,,89.42,13195.87,20
mixed,scoped,mixed,pure_sr,all,0/1,,87.91,13145.84,21
mixed,scoped,mixed,pure_sr,all,0/1,,91.07,13240.25,22
mixed,scoped,mixed,pure_sr,all,0/1,,91.0,13238.13,23
mixed,scoped,mixed,pure_sr,all,0/1,,90.72,13181.36,24
mixed,scoped,mixed,pure_sr,all,0/1,,95.22,13153.24,25
mixed,scoped,mixed,pure_sr,all,0/1,,93.16,13283.59,26
mixed,scoped,mixed,pure_sr,all,0/1,,92.41,13186.73,27
mixed,scoped,mixed,pure_sr,all,0/1,,92.62,13227.46,28
mixed,scoped,mixed,pure_sr,all,0/1,,95.14,13269.27,29
mixed,scoped,mixed,pure_sr,all,0/1,,91.77,13179.8,30
mixed,scoped,mixed,pure_sr,all,0/1,,91.05,13307.03,31
mixed,scoped,mixed,pure_sr,all,0/1,,94.21,13166.56,32
mixed,scoped,mixed,pure_sr,all,0/1,,94.91,13253.57,33
mixed,scoped,mixed,pure_sr,all,0/1,,94.41,13146.31,34
mixed,scoped,mixed,pure_sr,all,0/1,,93.24,13205.91,35
mixed,scoped,mixed,pure_sr,all,0/1,,91.45,13176.38,36
mixed,scoped,mixed,pure_sr,all,0/1,,89.89,13148.62,37
mixed,scoped,mixed,pure_sr,all,0/1,,89.03,13156.4,38
mixed,scoped,mixed,pure_sr,all,0/1,,95.36,13160.64,39
mixed,scoped,mixed,pure_sr,all,0/1,,96.96,13180.52,40
mixed,scoped,mixed,pure_sr,all,0/1,,89.31,13151.61,41
mixed,scoped,mixed,pure_sr,all,0/1,,83.67,13243.87,42
mixed,scoped,mixed,pure_sr,all,0/1,,95.56,13238.15,43
mixed,scoped,mixed,pure_sr,all,0/1,,100.02,13328.71,44
mixed,scoped,mixed,pure_sr,all,0/1,,90.05,13246.19,45
mixed,scoped,mixed,pure_sr,all,0/1,,94.3,13141.49,46
mixed,scoped,mixed,pure_sr,all,0/1,,87.82,13279.05,47
mixed,scoped,mixed,pure_sr,all,0/1,,90.12,13243.44,48
mixed,scoped,mixed,pure_sr,all,0/1,,99.19,13238.06,49
mixed,scoped,mixed,pure_sr,all,0/1,,97.57,13164.84,50
mixed,scoped,mixed,pure_sr,all,0/1,,98.66,13286.13,51
mixed,scoped,mixed,pure_sr,all,0/1,,86.28,13314.04,52
mixed,scoped,mixed,pure_sr,all,0/1,,96.01,13150.06,53
mixed,scoped,mixed,pure_sr,all,0/1,,95.42,13268.7,54
mixed,scoped,mixed,pure_sr,all,0/1,,94.14,13221.99,55
mixed,scoped,mixed,pure_sr,all,0/1,,94.66,13199.21,56
mixed,scoped,mixed,pure_sr,all,0/1,,91.21,13162.19,57
mixed,scoped,mixed,pure_sr,all,0/1,,91.58,13302.87,58
mixed,scoped,mixed,pure_sr,all,0/1,,91.75,13220.7,59
mixed,scoped,mixed,pure_sr,all,0/1,,94.41,13233.24,60
mixed,scoped,mixed,pure_sr,all,0/1,,98.97,13115.88,61
mixed,scoped,mixed,pure_sr,all,0/1,,94.83,12992.83,62
mixed,scoped,mixed,pure_sr,all,0/1,,94.25,13080.2,63
mixed,scoped,mixed,pure_sr,all,0/1,,98.04,13009.25,64
mixed,scoped,mixed,pure_sr,all,0/1,,95.43,13016.95,65
mixed,scoped,mixed,pure_sr,all,0/1,,95.1,13088.76,66
mixed,scoped,mixed,pure_sr,all,0/1,,96.41,13026.2,67
mixed,scoped,mixed,pure_sr,all,0/1,,87.02,12998.23,68
mixed,scoped,mixed,pure_sr,all,0/1,,92.01,13187.35,69
mixed,scoped,mixed,pure_sr,all,0/1,,92.34,13055.09,70
mixed,scoped,mixed,pure_sr_rnhead,all,0/1,,89.11,11186.07,1
mixed,scoped,mixed,pure_sr_rnhead,all,0/1,,93.4,11209.06,2
mixed,scoped,mixed,pure_sr_rnhead,all,0/1,,82.99,11363.14,3
mixed,scoped,mixed,pure_sr_rnhead,all,0/1,,87.52,11300.15,4
mixed,scoped,mixed,pure_sr_rnhead,all,0/1,,93.65,11285.3,5
mixed,scoped,mixed,pure_sr_rnhead,all,0/1,,89.0,11208.76,6
mixed,scoped,mixed,pure_sr_rnhead,all,0/1,,84.17,11153.04,7
mixed,scoped,mixed,pure_sr_rnhead,all,0/1,,91.81,11152.5,8
mixed,scoped,mixed,pure_sr_rnhead,all,0/1,,88.49,11336.48,9
mixed,scoped,mixed,pure_sr_rnhead,all,0/1,,89.04,11274.07,10
mixed,scoped,mixed,pure_sr_rnhead,all,0/1,,86.34,11263.2,11
mixed,scoped,mixed,pure_sr_rnhead,all,0/1,,87.49,11319.21,12
mixed,scoped,mixed,pure_sr_rnhead,all,0/1,,89.04,11222.65,13
mixed,scoped,mixed,pure_sr_rnhead,all,0/1,,90.63,11362.15,14
mixed,scoped,mixed,pure_sr_rnhead,all,0/1,,82.99,11232.16,15
mixed,scoped,mixed,pure_sr_rnhead,all,0/1,,83.87,11336.85,16
mixed,scoped,mixed,pure_sr_rnhead,all,0/1,,96.66,11317.57,17
mixed,scoped,mixed,pure_sr_rnhead,all,0/1,,94.36,11269.52,18
mixed,scoped,mixed,pure_sr_rnhead,all,0/1,,88.89,11392.68,19
mixed,scoped,mixed,pure_sr_rnhead,all,0/1,,84.24,11220.8,20
mixed,scoped,mixed,pure_sr_rnhead,all,0/1,,81.51,11302.35,21
mixed,scoped,mixed,pure_sr_rnhead,all,0/1,,90.97,11277.57,22
mixed,scoped,mixed,pure_sr_rnhead,all,0/1,,83.36,11219.23,23
mixed,scoped,mixed,pure_sr_rnhead,all,0/1,,87.43,11351.48,24
mixed,scoped,mixed,pure_sr_rnhead,all,0/1,,89.28,11295.21,25
mixed,scoped,mixed,pure_sr_rnhead,all,0/1,,82.07,11232.13,26
mixed,scoped,mixed,pure_sr_rnhead,all,0/1,,87.39,11228.14,27
mixed,scoped,mixed,pure_sr_rnhead,all,0/1,,89.87,11340.55,28
mixed,scoped,mixed,pure_sr_rnhead,all,0/1,,88.0,11274.98,29
mixed,scoped,mixed,pure_sr_rnhead,all,0/1,,87.99,11348.85,30
mixed,scoped,mixed,pure_sr_rnhead,all,0/1,,91.76,11261.9,31
mixed,scoped,mixed,pure_sr_rnhead,all,0/1,,86.73,11278.74,32
mixed,scoped,mixed,pure_sr_rnhead,all,0/1,,89.98,11313.31,33
mixed,scoped,mixed,pure_sr_rnhead,all,0/1,,91.93,11214.13,34
mixed,scoped,mixed,pure_sr_rnhead,all,0/1,,88.47,11222.6,35
mixed,scoped,mixed,pure_sr_rnhead,all,0/1,,86.46,11298.54,36
mixed,scoped,mixed,pure_sr_rnhead,all,0/1,,82.32,11328.8,37
mixed,scoped,mixed,pure_sr_rnhead,all,0/1,,89.83,11324.03,38
mixed,scoped,mixed,pure_sr_rnhead,all,0/1,,88.57,11294.78,39
mixed,scoped,mixed,pure_sr_rnhead,all,0/1,,90.2,11291.02,40
mixed,scoped,mixed,pure_sr_rnhead,all,0/1,,86.92,11337.54,41
mixed,scoped,mixed,pure_sr_rnhead,all,0/1,,81.64,11267.0,42
mixed,scoped,mixed,pure_sr_rnhead,all,0/1,,90.64,11284.6,43
mixed,scoped,mixed,pure_sr_rnhead,all,0/1,,91.65,11234.34,44
mixed,scoped,mixed,pure_sr_rnhead,all,0/1,,88.57,11315.19,45
mixed,scoped,mixed,pure_sr_rnhead,all,0/1,,89.2,11185.52,46
mixed,scoped,mixed,pure_sr_rnhead,all,0/1,,87.67,11186.12,47
mixed,scoped,mixed,pure_sr_rnhead,all,0/1,,88.32,11174.8,48
mixed,scoped,mixed,pure_sr_rnhead,all,0/1,,86.39,11178.03,49
mixed,scoped,mixed,pure_sr_rnhead,all,0/1,,92.02,11242.91,50
mixed,scoped,mixed,pure_sr_rnhead,all,0/1,,89.62,11200.43,51
mixed,scoped,mixed,pure_sr_rnhead,all,0/1,,83.02,11221.86,52
mixed,scoped,mixed,pure_sr_rnhead,all,0/1,,88.02,11180.73,53
mixed,scoped,mixed,pure_sr_rnhead,all,0/1,,89.75,11276.78,54
mixed,scoped,mixed,pure_sr_rnhead,all,0/1,,89.55,11337.0,55
mixed,scoped,mixed,pure_sr_rnhead,all,0/1,,84.28,11228.14,56
mixed,scoped,mixed,pure_sr_rnhead,all,0/1,,86.33,11242.15,57
mixed,scoped,mixed,pure_sr_rnhead,all,0/1,,84.76,11226.36,58
mixed,scoped,mixed,pure_sr_rnhead,all,0/1,,86.73,11197.29,59
mixed,scoped,mixed,pure_sr_rnhead,all,0/1,,90.24,10336.42,60
mixed,scoped,mixed,pure_sr_rnhead,all,0/1,,88.68,10300.52,61
mixed,scoped,mixed,pure_sr_rnhead,all,0/1,,93.81,10239.66,62
mixed,scoped,mixed,pure_sr_rnhead,all,0/1,,85.11,10378.62,63
mixed,scoped,mixed,pure_sr_rnhead,all,0/1,,87.74,10246.48,64
mixed,scoped,mixed,pure_sr_rnhead,all,0/1,,93.49,10230.52,65
mixed,scoped,mixed,pure_sr_rnhead,all,0/1,,92.16,10250.48,66
mixed,scoped,mixed,pure_sr_rnhead,all,0/1,,91.39,10272.29,67
mixed,scoped,mixed,pure_sr_rnhead,all,0/1,,86.54,10258.02,68
mixed,scoped,mixed,pure_sr_rnhead,all,0/1,,84.92,10340.4,69
mixed,scoped,mixed,pure_sr_rnhead,all,0/1,,86.56,10289.44,70
sublayer,original,rn,attn_c_attn,all,0/1,24,62.51,8332.29,1
sublayer,original,sr,attn_c_attn,all,0/1,24,62.51,14158.08,1
sublayer,scoped,rn,attn_c_attn,all,0/1,4,154.08,9033.94,1
sublayer,scoped,rn,attn_c_attn,all,0/1,4,154.08,9081.45,2
sublayer,scoped,rn,attn_c_attn,all,0/1,4,154.08,9085.75,3
sublayer,scoped,rn,attn_c_attn,all,0/1,4,154.08,9058.59,4
sublayer,scoped,rn,attn_c_attn,all,0/1,4,154.08,9049.58,5
sublayer,scoped,sr,attn_c_attn,all,0/1,4,244.31,9831.57,1
sublayer,scoped,sr,attn_c_attn,all,0/1,4,237.77,9744.08,2
sublayer,scoped,sr,attn_c_attn,all,0/1,4,248.29,9770.46,3
sublayer,scoped,sr,attn_c_attn,all,0/1,4,248.26,9764.8,4
sublayer,scoped,sr,attn_c_attn,all,0/1,4,279.25,9763.78,5
sublayer,scoped,rn,attn_c_attn,all,0/1,5,80.45,9100.25,1
sublayer,scoped,rn,attn_c_attn,all,0/1,5,80.45,8843.35,2
sublayer,scoped,rn,attn_c_attn,all,0/1,5,80.45,9076.37,3
sublayer,scoped,rn,attn_c_attn,all,0/1,5,80.45,9054.58,4
sublayer,scoped,rn,attn_c_attn,all,0/1,5,80.45,9039.87,5
sublayer,scoped,sr,attn_c_attn,all,0/1,5,92.09,9881.12,1
sublayer,scoped,sr,attn_c_attn,all,0/1,5,92.87,9703.17,2
sublayer,scoped,sr,attn_c_attn,all,0/1,5,93.09,9739.81,3
sublayer,scoped,sr,attn_c_attn,all,0/1,5,87.12,9805.17,4
sublayer,scoped,sr,attn_c_attn,all,0/1,5,85.07,9767.1,5
sublayer,scoped,rn,attn_c_attn,all,0/1,6,67.31,9086.46,1
sublayer,scoped,rn,attn_c_attn,all,0/1,6,67.31,9070.39,2
sublayer,scoped,rn,attn_c_attn,all,0/1,6,67.31,9066.67,3
sublayer,scoped,rn,attn_c_attn,all,0/1,6,67.31,9036.96,4
sublayer,scoped,rn,attn_c_attn,all,0/1,6,67.31,9095.17,5
sublayer,scoped,sr,attn_c_attn,all,0/1,6,67.91,9985.13,1
sublayer,scoped,sr,attn_c_attn,all,0/1,6,71.28,9698.21,2
sublayer,scoped,sr,attn_c_attn,all,0/1,6,68.79,9744.59,3
sublayer,scoped,sr,attn_c_attn,all,0/1,6,69.74,9755.87,4
sublayer,scoped,sr,attn_c_attn,all,0/1,6,66.64,9721.51,5
sublayer,scoped,rn,attn_c_attn,all,0/1,7,62.42,9075.78,1
sublayer,scoped,rn,attn_c_attn,all,0/1,7,62.42,9104.08,2
sublayer,scoped,rn,attn_c_attn,all,0/1,7,62.42,9172.86,3
sublayer,scoped,rn,attn_c_attn,all,0/1,7,62.42,9322.7,4
sublayer,scoped,rn,attn_c_attn,all,0/1,7,62.42,9072.09,5
sublayer,scoped,sr,attn_c_attn,all,0/1,7,64.08,9834.69,1
sublayer,scoped,sr,attn_c_attn,all,0/1,7,65.01,9782.87,2
sublayer,scoped,sr,attn_c_attn,all,0/1,7,62.86,9738.19,3
sublayer,scoped,sr,attn_c_attn,all,0/1,7,65.41,9722.39,4
sublayer,scoped,sr,attn_c_attn,all,0/1,7,63.76,9705.2,5
sublayer,scoped,rn,attn_c_attn,all,0/1,8,62.67,9186.85,1
sublayer,scoped,rn,attn_c_attn,all,0/1,8,62.67,9057.3,2
sublayer,scoped,rn,attn_c_attn,all,0/1,8,62.67,9110.79,3
sublayer,scoped,rn,attn_c_attn,all,0/1,8,62.67,9035.24,4
sublayer,scoped,rn,attn_c_attn,all,0/1,8,62.67,9005.14,5
sublayer,scoped,sr,attn_c_attn,all,0/1,8,62.59,9824.38,1
sublayer,scoped,sr,attn_c_attn,all,0/1,8,63.36,9951.97,2
sublayer,scoped,sr,attn_c_attn,all,0/1,8,62.35,9688.11,3
sublayer,scoped,sr,attn_c_attn,all,0/1,8,63.33,9707.46,4
sublayer,scoped,sr,attn_c_attn,all,0/1,8,62.58,9782.05,5
sublayer,scoped,rn,attn_c_attn,all,0/1,9,62.24,9065.58,1
sublayer,scoped,rn,attn_c_attn,all,0/1,9,62.24,9166.1,2
sublayer,scoped,rn,attn_c_attn,all,0/1,9,62.24,9076.46,3
sublayer,scoped,rn,attn_c_attn,all,0/1,9,62.24,9058.54,4
sublayer,scoped,rn,attn_c_attn,all,0/1,9,62.24,9095.4,5
sublayer,scoped,sr,attn_c_attn,all,0/1,9,62.51,9898.23,1
sublayer,scoped,sr,attn_c_attn,all,0/1,9,62.8,9877.23,2
sublayer,scoped,sr,attn_c_attn,all,0/1,9,62.6,9728.62,3
sublayer,scoped,sr,attn_c_attn,all,0/1,9,63.07,9752.73,4
sublayer,scoped,sr,attn_c_attn,all,0/1,9,62.36,9746.68,5
sublayer,scoped,rn,attn_c_attn,all,0/1,10,62.71,9040.08,1
sublayer,scoped,rn,attn_c_attn,all,0/1,10,62.71,9124.41,2
sublayer,scoped,rn,attn_c_attn,all,0/1,10,62.71,9184.59,3
sublayer,scoped,rn,attn_c_attn,all,0/1,10,62.71,9192.33,4
sublayer,scoped,rn,attn_c_attn,all,0/1,10,62.71,8941.91,5
sublayer,scoped,sr,attn_c_attn,all,0/1,10,62.38,9873.36,1
sublayer,scoped,sr,attn_c_attn,all,0/1,10,62.54,9848.2,2
sublayer,scoped,sr,attn_c_attn,all,0/1,10,62.66,9747.31,3
sublayer,scoped,sr,attn_c_attn,all,0/1,10,62.75,9864.14,4
sublayer,scoped,sr,attn_c_attn,all,0/1,10,62.59,9804.74,5
sublayer,scoped,rn,attn_c_attn,all,0/1,11,62.39,9074.11,1
sublayer,scoped,rn,attn_c_attn,all,0/1,11,62.39,9079.22,2
sublayer,scoped,rn,attn_c_attn,all,0/1,11,62.39,8902.7,3
sublayer,scoped,rn,attn_c_attn,all,0/1,11,62.39,9134.29,4
sublayer,scoped,rn,attn_c_attn,all,0/1,11,62.39,9204.85,5
sublayer,scoped,sr,attn_c_attn,all,0/1,11,62.45,9818.73,1
sublayer,scoped,sr,attn_c_attn,all,0/1,11,62.62,9858.35,2
sublayer,scoped,sr,attn_c_attn,all,0/1,11,62.52,9731.89,3
sublayer,scoped,sr,attn_c_attn,all,0/1,11,62.6,9853.94,4
sublayer,scoped,sr,attn_c_attn,all,0/1,11,62.47,9798.71,5
sublayer,scoped,rn,attn_c_attn,all,0/1,12,62.51,9056.14,1
sublayer,scoped,rn,attn_c_attn,all,0/1,12,62.51,9058.37,2
sublayer,scoped,rn,attn_c_attn,all,0/1,12,62.51,9082.92,3
sublayer,scoped,rn,attn_c_attn,all,0/1,12,62.51,9137.13,4
sublayer,scoped,rn,attn_c_attn,all,0/1,12,62.51,8918.5,5
sublayer,scoped,sr,attn_c_attn,all,0/1,12,62.52,9750.06,1
sublayer,scoped,sr,attn_c_attn,all,0/1,12,62.54,9926.65,2
sublayer,scoped,sr,attn_c_attn,all,0/1,12,62.47,9745.74,3
sublayer,scoped,sr,attn_c_attn,all,0/1,12,62.57,9791.84,4
sublayer,scoped,sr,attn_c_attn,all,0/1,12,62.49,9857.3,5
sublayer,scoped,rn,attn_c_attn,all,0/1,13,62.5,9157.01,1
sublayer,scoped,rn,attn_c_attn,all,0/1,13,62.5,8877.92,2
sublayer,scoped,rn,attn_c_attn,all,0/1,13,62.5,8905.39,3
sublayer,scoped,rn,attn_c_attn,all,0/1,13,62.5,9103.22,4
sublayer,scoped,rn,attn_c_attn,all,0/1,13,62.5,9188.12,5
sublayer,scoped,sr,attn_c_attn,all,0/1,13,62.53,9788.42,1
sublayer,scoped,sr,attn_c_attn,all,0/1,13,62.53,9907.18,2
sublayer,scoped,sr,attn_c_attn,all,0/1,13,62.52,9752.66,3
sublayer,scoped,sr,attn_c_attn,all,0/1,13,62.55,9751.0,4
sublayer,scoped,sr,attn_c_attn,all,0/1,13,62.52,9890.34,5
sublayer,scoped,rn,attn_c_attn,all,0/1,14,62.51,9097.27,1
sublayer,scoped,rn,attn_c_attn,all,0/1,14,62.51,9095.05,2
sublayer,scoped,rn,attn_c_attn,all,0/1,14,62.51,8922.87,3
sublayer,scoped,rn,attn_c_attn,all,0/1,14,62.51,9118.06,4
sublayer,scoped,rn,attn_c_attn,all,0/1,14,62.51,9013.85,5
sublayer,scoped,sr,attn_c_attn,all,0/1,14,62.51,9857.12,1
sublayer,scoped,sr,attn_c_attn,all,0/1,14,62.52,9899.66,2
sublayer,scoped,sr,attn_c_attn,all,0/1,14,62.51,9819.81,3
sublayer,scoped,sr,attn_c_attn,all,0/1,14,62.52,9791.46,4
sublayer,scoped,sr,attn_c_attn,all,0/1,14,62.51,9834.15,5
sublayer,scoped,rn,attn_c_proj,all,0/1,4,79.55,9146.16,1
sublayer,scoped,rn,attn_c_proj,all,0/1,4,79.55,9097.97,2
sublayer,scoped,rn,attn_c_proj,all,0/1,4,79.55,8977.43,3
sublayer,scoped,rn,attn_c_proj,all,0/1,4,79.55,9108.05,4
sublayer,scoped,rn,attn_c_proj,all,0/1,4,79.55,9061.18,5
sublayer,scoped,sr,attn_c_proj,all,0/1,4,70.93,9307.33,1
sublayer,scoped,sr,attn_c_proj,all,0/1,4,70.19,9489.67,2
sublayer,scoped,sr,attn_c_proj,all,0/1,4,73.23,9402.78,3
sublayer,scoped,sr,attn_c_proj,all,0/1,4,72.26,9382.53,4
sublayer,scoped,sr,attn_c_proj,all,0/1,4,71.65,9479.42,5
sublayer,scoped,rn,attn_c_proj,all,0/1,5,67.72,9303.28,1
sublayer,scoped,rn,attn_c_proj,all,0/1,5,67.72,9090.06,2
sublayer,scoped,rn,attn_c_proj,all,0/1,5,67.72,9095.52,3
sublayer,scoped,rn,attn_c_proj,all,0/1,5,67.72,9078.1,4
sublayer,scoped,rn,attn_c_proj,all,0/1,5,67.72,9075.61,5
sublayer,scoped,sr,attn_c_proj,all,0/1,5,63.78,9315.65,1
sublayer,scoped,sr,attn_c_proj,all,0/1,5,64.31,9483.86,2
sublayer,scoped,sr,attn_c_proj,all,0/1,5,65.29,9419.69,3
sublayer,scoped,sr,attn_c_proj,all,0/1,5,63.28,9331.93,4
sublayer,scoped,sr,attn_c_proj,all,0/1,5,62.71,9476.24,5
sublayer,scoped,rn,attn_c_proj,all,0/1,6,62.91,9085.91,1
sublayer,scoped,rn,attn_c_proj,all,0/1,6,62.91,9038.24,2
sublayer,scoped,rn,attn_c_proj,all,0/1,6,62.91,9105.24,3
sublayer,scoped,rn,attn_c_proj,all,0/1,6,62.91,9212.19,4
sublayer,scoped,rn,attn_c_proj,all,0/1,6,62.91,9190.83,5
sublayer,scoped,sr,attn_c_proj,all,0/1,6,62.63,9306.38,1
sublayer,scoped,sr,attn_c_proj,all,0/1,6,62.3,9468.22,2
sublayer,scoped,sr,attn_c_proj,all,0/1,6,62.0,9290.91,3
sublayer,scoped,sr,attn_c_proj,all,0/1,6,62.09,9326.93,4
sublayer,scoped,sr,attn_c_proj,all,0/1,6,61.5,9359.6,5
sublayer,scoped,rn,attn_c_proj,all,0/1,7,62.54,9127.17,1
sublayer,scoped,rn,attn_c_proj,all,0/1,7,62.54,9076.16,2
sublayer,scoped,rn,attn_c_proj,all,0/1,7,62.54,9071.52,3
sublayer,scoped,rn,attn_c_proj,all,0/1,7,62.54,9316.97,4
sublayer,scoped,rn,attn_c_proj,all,0/1,7,62.54,9100.71,5
sublayer,scoped,sr,attn_c_proj,all,0/1,7,62.36,9314.52,1
sublayer,scoped,sr,attn_c_proj,all,0/1,7,62.64,9479.13,2
sublayer,scoped,sr,attn_c_proj,all,0/1,7,62.35,9460.63,3
sublayer,scoped,sr,attn_c_proj,all,0/1,7,62.36,9418.66,4
sublayer,scoped,sr,attn_c_proj,all,0/1,7,62.14,9609.29,5
sublayer,scoped,rn,attn_c_proj,all,0/1,8,62.36,9110.42,1
sublayer,scoped,rn,attn_c_proj,all,0/1,8,62.36,9153.51,2
sublayer,scoped,rn,attn_c_proj,all,0/1,8,62.36,9092.23,3
sublayer,scoped,rn,attn_c_proj,all,0/1,8,62.36,9233.76,4
sublayer,scoped,rn,attn_c_proj,all,0/1,8,62.36,9243.85,5
sublayer,scoped,sr,attn_c_proj,all,0/1,8,62.57,9329.38,1
sublayer,scoped,sr,attn_c_proj,all,0/1,8,62.67,9645.12,2
sublayer,scoped,sr,attn_c_proj,all,0/1,8,62.0,9470.08,3
sublayer,scoped,sr,attn_c_proj,all,0/1,8,62.44,9494.63,4
sublayer,scoped,sr,attn_c_proj,all,0/1,8,62.44,9344.82,5
sublayer,scoped,rn,attn_c_proj,all,0/1,9,62.48,9104.56,1
sublayer,scoped,rn,attn_c_proj,all,0/1,9,62.48,9128.51,2
sublayer,scoped,rn,attn_c_proj,all,0/1,9,62.48,9107.14,3
sublayer,scoped,rn,attn_c_proj,all,0/1,9,62.48,9297.16,4
sublayer,scoped,rn,attn_c_proj,all,0/1,9,62.48,8998.08,5
sublayer,scoped,sr,attn_c_proj,all,0/1,9,62.34,9421.61,1
sublayer,scoped,sr,attn_c_proj,all,0/1,9,62.47,9470.85,2
sublayer,scoped,sr,attn_c_proj,all,0/1,9,62.43,9753.75,3
sublayer,scoped,sr,attn_c_proj,all,0/1,9,62.41,9349.88,4
sublayer,scoped,sr,attn_c_proj,all,0/1,9,62.47,9343.99,5
sublayer,scoped,rn,attn_c_proj,all,0/1,10,62.53,9092.5,1
sublayer,scoped,rn,attn_c_proj,all,0/1,10,62.53,9096.95,2
sublayer,scoped,rn,attn_c_proj,all,0/1,10,62.53,9108.44,3
sublayer,scoped,rn,attn_c_proj,all,0/1,10,62.53,7434.18,4
sublayer,scoped,rn,attn_c_proj,all,0/1,10,62.53,8993.14,5
sublayer,scoped,sr,attn_c_proj,all,0/1,10,62.47,9309.57,1
sublayer,scoped,sr,attn_c_proj,all,0/1,10,62.53,9514.68,2
sublayer,scoped,sr,attn_c_proj,all,0/1,10,62.44,9330.77,3
sublayer,scoped,sr,attn_c_proj,all,0/1,10,62.5,9455.18,4
sublayer,scoped,sr,attn_c_proj,all,0/1,10,62.44,9301.2,5
sublayer,scoped,rn,attn_c_proj,all,0/1,11,62.48,9066.72,1
sublayer,scoped,rn,attn_c_proj,all,0/1,11,62.48,9281.67,2
sublayer,scoped,rn,attn_c_proj,all,0/1,11,62.48,9145.28,3
sublayer,scoped,rn,attn_c_proj,all,0/1,11,62.48,9098.91,4
sublayer,scoped,rn,attn_c_proj,all,0/1,11,62.48,9227.84,5
sublayer,scoped,sr,attn_c_proj,all,0/1,11,62.5,9303.72,1
sublayer,scoped,sr,attn_c_proj,all,0/1,11,62.51,9480.74,2
sublayer,scoped,sr,attn_c_proj,all,0/1,11,62.5,9405.81,3
sublayer,scoped,sr,attn_c_proj,all,0/1,11,62.49,9452.82,4
sublayer,scoped,sr,attn_c_proj,all,0/1,11,62.48,9328.58,5
sublayer,scoped,rn,attn_c_proj,all,0/1,12,62.48,9179.3,1
sublayer,scoped,rn,attn_c_proj,all,0/1,12,62.48,9153.93,2
sublayer,scoped,rn,attn_c_proj,all,0/1,12,62.48,9082.82,3
sublayer,scoped,rn,attn_c_proj,all,0/1,12,62.48,7423.19,4
sublayer,scoped,rn,attn_c_proj,all,0/1,12,62.48,9098.26,5
sublayer,scoped,sr,attn_c_proj,all,0/1,12,62.51,9327.29,1
sublayer,scoped,sr,attn_c_proj,all,0/1,12,62.5,9507.48,2
sublayer,scoped,sr,attn_c_proj,all,0/1,12,62.51,9397.28,3
sublayer,scoped,sr,attn_c_proj,all,0/1,12,62.51,9334.7,4
sublayer,scoped,sr,attn_c_proj,all,0/1,12,62.51,9310.56,5
sublayer,scoped,rn,attn_c_proj,all,0/1,13,62.5,9079.94,1
sublayer,scoped,rn,attn_c_proj,all,0/1,13,62.5,9094.16,2
sublayer,scoped,rn,attn_c_proj,all,0/1,13,62.5,9107.67,3
sublayer,scoped,rn,attn_c_proj,all,0/1,13,62.5,7468.93,4
sublayer,scoped,rn,attn_c_proj,all,0/1,13,62.5,9080.63,5
sublayer,scoped,sr,attn_c_proj,all,0/1,13,62.51,9335.44,1
sublayer,scoped,sr,attn_c_proj,all,0/1,13,62.51,9459.33,2
sublayer,scoped,sr,attn_c_proj,all,0/1,13,62.51,9337.3,3
sublayer,scoped,sr,attn_c_proj,all,0/1,13,62.5,9292.16,4
sublayer,scoped,sr,attn_c_proj,all,0/1,13,62.5,9453.25,5
sublayer,scoped,rn,attn_c_proj,all,0/1,14,62.51,9127.11,1
sublayer,scoped,rn,attn_c_proj,all,0/1,14,62.51,9076.42,2
sublayer,scoped,rn,attn_c_proj,all,0/1,14,62.51,9137.63,3
sublayer,scoped,rn,attn_c_proj,all,0/1,14,62.51,7429.55,4
sublayer,scoped,rn,attn_c_proj,all,0/1,14,62.51,9023.7,5
sublayer,scoped,sr,attn_c_proj,all,0/1,14,62.51,9371.62,1
sublayer,scoped,sr,attn_c_proj,all,0/1,14,62.51,9339.83,2
sublayer,scoped,sr,attn_c_proj,all,0/1,14,62.51,9321.86,3
sublayer,scoped,sr,attn_c_proj,all,0/1,14,62.51,9287.54,4
sublayer,scoped,sr,attn_c_proj,all,0/1,14,62.51,9289.82,5
sublayer,scoped,rn,mlp_c_fc,all,0/1,4,335.77,9123.64,1
sublayer,scoped,rn,mlp_c_fc,all,0/1,4,335.77,9099.13,2
sublayer,scoped,rn,mlp_c_fc,all,0/1,4,335.77,9272.09,3
sublayer,scoped,rn,mlp_c_fc,all,0/1,4,335.77,7456.27,4
sublayer,scoped,rn,mlp_c_fc,all,0/1,4,335.77,9015.49,5
sublayer,scoped,sr,mlp_c_fc,all,0/1,4,312.63,10010.91,1
sublayer,scoped,sr,mlp_c_fc,all,0/1,4,338.33,9993.36,2
sublayer,scoped,sr,mlp_c_fc,all,0/1,4,319.64,9965.16,3
sublayer,scoped,sr,mlp_c_fc,all,0/1,4,334.38,10018.32,4
sublayer,scoped,sr,mlp_c_fc,all,0/1,4,342.73,9975.4,5
sublayer,scoped,rn,mlp_c_fc,all,0/1,5,102.15,9111.54,1
sublayer,scoped,rn,mlp_c_fc,all,0/1,5,102.15,9035.86,2
sublayer,scoped,rn,mlp_c_fc,all,0/1,5,102.15,9130.74,3
sublayer,scoped,rn,mlp_c_fc,all,0/1,5,102.15,7457.93,4
sublayer,scoped,rn,mlp_c_fc,all,0/1,5,102.15,8969.22,5
sublayer,scoped,sr,mlp_c_fc,all,0/1,5,85.5,9983.98,1
sublayer,scoped,sr,mlp_c_fc,all,0/1,5,86.0,10028.74,2
sublayer,scoped,sr,mlp_c_fc,all,0/1,5,85.79,10016.17,3
sublayer,scoped,sr,mlp_c_fc,all,0/1,5,85.09,10048.91,4
sublayer,scoped,sr,mlp_c_fc,all,0/1,5,89.07,10010.09,5
sublayer,scoped,rn,mlp_c_fc,all,0/1,6,70.27,9142.58,1
sublayer,scoped,rn,mlp_c_fc,all,0/1,6,70.27,8963.99,2
sublayer,scoped,rn,mlp_c_fc,all,0/1,6,70.27,9123.77,3
sublayer,scoped,rn,mlp_c_fc,all,0/1,6,70.27,9098.77,4
sublayer,scoped,rn,mlp_c_fc,all,0/1,6,70.27,9159.6,5
sublayer,scoped,sr,mlp_c_fc,all,0/1,6,66.67,10113.35,1
sublayer,scoped,sr,mlp_c_fc,all,0/1,6,64.39,10067.37,2
sublayer,scoped,sr,mlp_c_fc,all,0/1,6,63.82,9990.51,3
sublayer,scoped,sr,mlp_c_fc,all,0/1,6,67.21,9989.37,4
sublayer,scoped,sr,mlp_c_fc,all,0/1,6,68.57,10166.31,5
sublayer,scoped,rn,mlp_c_fc,all,0/1,7,64.54,9098.06,1
sublayer,scoped,rn,mlp_c_fc,all,0/1,7,64.54,9026.8,2
sublayer,scoped,rn,mlp_c_fc,all,0/1,7,64.54,9119.64,3
sublayer,scoped,rn,mlp_c_fc,all,0/1,7,64.54,9308.99,4
sublayer,scoped,rn,mlp_c_fc,all,0/1,7,64.54,7484.81,5
sublayer,scoped,sr,mlp_c_fc,all,0/1,7,64.36,9961.69,1
sublayer,scoped,sr,mlp_c_fc,all,0/1,7,63.22,9993.69,2
sublayer,scoped,sr,mlp_c_fc,all,0/1,7,61.61,10064.14,3
sublayer,scoped,sr,mlp_c_fc,all,0/1,7,64.66,10007.81,4
sublayer,scoped,sr,mlp_c_fc,all,0/1,7,63.72,10002.99,5
sublayer,scoped,rn,mlp_c_fc,all,0/1,8,62.8,9094.92,1
sublayer,scoped,rn,mlp_c_fc,all,0/1,8,62.8,9037.94,2
sublayer,scoped,rn,mlp_c_fc,all,0/1,8,62.8,9107.19,3
sublayer,scoped,rn,mlp_c_fc,all,0/1,8,62.8,9090.27,4
sublayer,scoped,rn,mlp_c_fc,all,0/1,8,62.8,9083.87,5
sublayer,scoped,sr,mlp_c_fc,all,0/1,8,62.39,9976.86,1
sublayer,scoped,sr,mlp_c_fc,all,0/1,8,62.57,9964.66,2
sublayer,scoped,sr,mlp_c_fc,all,0/1,8,62.28,10119.84,3
sublayer,scoped,sr,mlp_c_fc,all,0/1,8,62.25,10030.25,4
sublayer,scoped,sr,mlp_c_fc,all,0/1,8,63.47,10166.87,5
sublayer,scoped,rn,mlp_c_fc,all,0/1,9,62.68,9198.11,1
sublayer,scoped,rn,mlp_c_fc,all,0/1,9,62.68,8954.21,2
sublayer,scoped,rn,mlp_c_fc,all,0/1,9,62.68,9104.59,3
sublayer,scoped,rn,mlp_c_fc,all,0/1,9,62.68,9101.78,4
sublayer,scoped,rn,mlp_c_fc,all,0/1,9,62.68,7575.97,5
sublayer,scoped,sr,mlp_c_fc,all,0/1,9,62.58,10034.91,1
sublayer,scoped,sr,mlp_c_fc,all,0/1,9,62.54,10090.58,2
sublayer,scoped,sr,mlp_c_fc,all,0/1,9,62.47,10026.55,3
sublayer,scoped,sr,mlp_c_fc,all,0/1,9,62.39,10119.82,4
sublayer,scoped,sr,mlp_c_fc,all,0/1,9,63.0,9996.3,5
sublayer,scoped,rn,mlp_c_fc,all,0/1,10,62.58,9097.88,1
sublayer,scoped,rn,mlp_c_fc,all,0/1,10,62.58,9094.67,2
sublayer,scoped,rn,mlp_c_fc,all,0/1,10,62.58,9252.95,3
sublayer,scoped,rn,mlp_c_fc,all,0/1,10,62.58,9122.52,4
sublayer,scoped,rn,mlp_c_fc,all,0/1,10,62.58,9191.62,5
sublayer,scoped,sr,mlp_c_fc,all,0/1,10,62.59,9960.79,1
sublayer,scoped,sr,mlp_c_fc,all,0/1,10,62.6,9985.36,2
sublayer,scoped,sr,mlp_c_fc,all,0/1,10,62.39,10011.93,3
sublayer,scoped,sr,mlp_c_fc,all,0/1,10,62.54,9988.33,4
sublayer,scoped,sr,mlp_c_fc,all,0/1,10,62.67,9992.53,5
sublayer,scoped,rn,mlp_c_fc,all,0/1,11,62.45,9108.44,1
sublayer,scoped,rn,mlp_c_fc,all,0/1,11,62.45,8914.7,2
sublayer,scoped,rn,mlp_c_fc,all,0/1,11,62.45,9209.17,3
sublayer,scoped,rn,mlp_c_fc,all,0/1,11,62.45,9112.89,4
sublayer,scoped,rn,mlp_c_fc,all,0/1,11,62.45,7495.26,5
sublayer,scoped,sr,mlp_c_fc,all,0/1,11,62.54,9972.84,1
sublayer,scoped,sr,mlp_c_fc,all,0/1,11,62.52,9988.53,2
sublayer,scoped,sr,mlp_c_fc,all,0/1,11,62.47,9996.87,3
sublayer,scoped,sr,mlp_c_fc,all,0/1,11,62.5,9950.27,4
sublayer,scoped,sr,mlp_c_fc,all,0/1,11,62.54,10040.47,5
sublayer,scoped,rn,mlp_c_fc,all,0/1,12,62.54,9124.35,1
sublayer,scoped,rn,mlp_c_fc,all,0/1,12,62.54,9096.73,2
sublayer,scoped,rn,mlp_c_fc,all,0/1,12,62.54,9080.34,3
sublayer,scoped,rn,mlp_c_fc,all,0/1,12,62.54,9092.28,4
sublayer,scoped,rn,mlp_c_fc,all,0/1,12,62.54,9070.68,5
sublayer,scoped,sr,mlp_c_fc,all,0/1,12,62.48,10143.57,1
sublayer,scoped,sr,mlp_c_fc,all,0/1,12,62.51,10122.22,2
sublayer,scoped,sr,mlp_c_fc,all,0/1,12,62.47,10159.69,3
sublayer,scoped,sr,mlp_c_fc,all,0/1,12,62.5,9952.58,4
sublayer,scoped,sr,mlp_c_fc,all,0/1,12,62.54,10030.92,5
sublayer,scoped,rn,mlp_c_fc,all,0/1,13,62.53,9131.35,1
sublayer,scoped,rn,mlp_c_fc,all,0/1,13,62.53,9215.32,2
sublayer,scoped,rn,mlp_c_fc,all,0/1,13,62.53,8872.64,3
sublayer,scoped,rn,mlp_c_fc,all,0/1,13,62.53,9194.33,4
sublayer,scoped,rn,mlp_c_fc,all,0/1,13,62.53,7530.36,5
sublayer,scoped,sr,mlp_c_fc,all,0/1,13,62.5,9956.94,1
sublayer,scoped,sr,mlp_c_fc,all,0/1,13,62.51,9993.46,2
sublayer,scoped,sr,mlp_c_fc,all,0/1,13,62.5,10219.76,3
sublayer,scoped,sr,mlp_c_fc,all,0/1,13,62.51,9994.32,4
sublayer,scoped,sr,mlp_c_fc,all,0/1,13,62.52,9988.66,5
sublayer,scoped,rn,mlp_c_fc,all,0/1,14,62.51,9123.58,1
sublayer,scoped,rn,mlp_c_fc,all,0/1,14,62.51,9177.88,2
sublayer,scoped,rn,mlp_c_fc,all,0/1,14,62.51,9079.16,3
sublayer,scoped,rn,mlp_c_fc,all,0/1,14,62.51,9089.21,4
sublayer,scoped,rn,mlp_c_fc,all,0/1,14,62.51,7452.88,5
sublayer,scoped,sr,mlp_c_fc,all,0/1,14,62.51,10021.6,1
sublayer,scoped,sr,mlp_c_fc,all,0/1,14,62.51,9980.58,2
sublayer,scoped,sr,mlp_c_fc,all,0/1,14,62.51,10008.88,3
sublayer,scoped,sr,mlp_c_fc,all,0/1,14,62.51,9960.47,4
sublayer,scoped,sr,mlp_c_fc,all,0/1,14,62.51,9978.75,5
sublayer,scoped,rn,mlp_c_proj,all,0/1,4,1934.17,9252.17,1
sublayer,scoped,rn,mlp_c_proj,all,0/1,4,1934.17,8467.88,2
sublayer,scoped,rn,mlp_c_proj,all,0/1,4,1934.17,8876.68,3
sublayer,scoped,rn,mlp_c_proj,all,0/1,4,1934.17,9121.16,4
sublayer,scoped,rn,mlp_c_proj,all,0/1,4,1934.17,7455.59,5
sublayer,scoped,sr,mlp_c_proj,all,0/1,4,491.17,9989.07,1
sublayer,scoped,sr,mlp_c_proj,all,0/1,4,457.72,10029.59,2
sublayer,scoped,sr,mlp_c_proj,all,0/1,4,438.7,10030.79,3
sublayer,scoped,sr,mlp_c_proj,all,0/1,4,468.54,10604.91,4
sublayer,scoped,sr,mlp_c_proj,all,0/1,4,448.95,10024.93,5
sublayer,scoped,rn,mlp_c_proj,all,0/1,5,250.0,9103.05,1
sublayer,scoped,rn,mlp_c_proj,all,0/1,5,250.0,9224.81,2
sublayer,scoped,rn,mlp_c_proj,all,0/1,5,250.0,9114.42,3
sublayer,scoped,rn,mlp_c_proj,all,0/1,5,250.0,9182.74,4
sublayer,scoped,rn,mlp_c_proj,all,0/1,5,250.0,8827.67,5
sublayer,scoped,sr,mlp_c_proj,all,0/1,5,86.58,10454.65,1
sublayer,scoped,sr,mlp_c_proj,all,0/1,5,88.65,9974.21,2
sublayer,scoped,sr,mlp_c_proj,all,0/1,5,83.63,9961.49,3
sublayer,scoped,sr,mlp_c_proj,all,0/1,5,84.23,10089.52,4
sublayer,scoped,sr,mlp_c_proj,all,0/1,5,84.04,10018.57,5
sublayer,scoped,rn,mlp_c_proj,all,0/1,6,79.64,9218.16,1
sublayer,scoped,rn,mlp_c_proj,all,0/1,6,79.64,9106.69,2
sublayer,scoped,rn,mlp_c_proj,all,0/1,6,79.64,9057.52,3
sublayer,scoped,rn,mlp_c_proj,all,0/1,6,79.64,9079.61,4
sublayer,scoped,rn,mlp_c_proj,all,0/1,6,79.64,8825.63,5
sublayer,scoped,sr,mlp_c_proj,all,0/1,6,65.57,10000.38,1
sublayer,scoped,sr,mlp_c_proj,all,0/1,6,66.45,10016.44,2
sublayer,scoped,sr,mlp_c_proj,all,0/1,6,65.82,10219.29,3
sublayer,scoped,sr,mlp_c_proj,all,0/1,6,66.15,10029.53,4
sublayer,scoped,sr,mlp_c_proj,all,0/1,6,67.2,10040.05,5
sublayer,scoped,rn,mlp_c_proj,all,0/1,7,65.41,9305.93,1
sublayer,scoped,rn,mlp_c_proj,all,0/1,7,65.41,9199.59,2
sublayer,scoped,rn,mlp_c_proj,all,0/1,7,65.41,9111.06,3
sublayer,scoped,rn,mlp_c_proj,all,0/1,7,65.41,9083.71,4
sublayer,scoped,rn,mlp_c_proj,all,0/1,7,65.41,8775.78,5
sublayer,scoped,sr,mlp_c_proj,all,0/1,7,63.64,9970.74,1
sublayer,scoped,sr,mlp_c_proj,all,0/1,7,63.3,10176.65,2
sublayer,scoped,sr,mlp_c_proj,all,0/1,7,62.23,9982.01,3
sublayer,scoped,sr,mlp_c_proj,all,0/1,7,63.96,10005.86,4
sublayer,scoped,sr,mlp_c_proj,all,0/1,7,63.77,10001.89,5
sublayer,scoped,rn,mlp_c_proj,all,0/1,8,62.96,9078.24,1
sublayer,scoped,rn,mlp_c_proj,all,0/1,8,62.96,9083.61,2
sublayer,scoped,rn,mlp_c_proj,all,0/1,8,62.96,7866.31,3
sublayer,scoped,rn,mlp_c_proj,all,0/1,8,62.96,9083.09,4
sublayer,scoped,rn,mlp_c_proj,all,0/1,8,62.96,8695.51,5
sublayer,scoped,sr,mlp_c_proj,all,0/1,8,62.83,9980.53,1
sublayer,scoped,sr,mlp_c_proj,all,0/1,8,62.4,10008.19,2
sublayer,scoped,sr,mlp_c_proj,all,0/1,8,62.65,9971.21,3
sublayer,scoped,sr,mlp_c_proj,all,0/1,8,62.78,10007.72,4
sublayer,scoped,sr,mlp_c_proj,all,0/1,8,62.99,10039.57,5
sublayer,scoped,rn,mlp_c_proj,all,0/1,9,62.5,9137.39,1
sublayer,scoped,rn,mlp_c_proj,all,0/1,9,62.5,9095.17,2
sublayer,scoped,rn,mlp_c_proj,all,0/1,9,62.5,8936.32,3
sublayer,scoped,rn,mlp_c_proj,all,0/1,9,62.5,9232.84,4
sublayer,scoped,rn,mlp_c_proj,all,0/1,9,62.5,9273.07,5
sublayer,scoped,sr,mlp_c_proj,all,0/1,9,62.52,9987.14,1
sublayer,scoped,sr,mlp_c_proj,all,0/1,9,62.31,10084.66,2
sublayer,scoped,sr,mlp_c_proj,all,0/1,9,62.61,9968.0,3
sublayer,scoped,sr,mlp_c_proj,all,0/1,9,62.51,10088.95,4
sublayer,scoped,sr,mlp_c_proj,all,0/1,9,62.85,10147.72,5
sublayer,scoped,rn,mlp_c_proj,all,0/1,10,62.45,9093.35,1
sublayer,scoped,rn,mlp_c_proj,all,0/1,10,62.45,9312.29,2
sublayer,scoped,rn,mlp_c_proj,all,0/1,10,62.45,9244.1,3
sublayer,scoped,rn,mlp_c_proj,all,0/1,10,62.45,9127.02,4
sublayer,scoped,rn,mlp_c_proj,all,0/1,10,62.45,8879.49,5
sublayer,scoped,sr,mlp_c_proj,all,0/1,10,62.49,10190.59,1
sublayer,scoped,sr,mlp_c_proj,all,0/1,10,62.55,10149.87,2
sublayer,scoped,sr,mlp_c_proj,all,0/1,10,62.31,10015.75,3
sublayer,scoped,sr,mlp_c_proj,all,0/1,10,62.57,10022.16,4
sublayer,scoped,sr,mlp_c_proj,all,0/1,10,62.71,9984.89,5
sublayer,scoped,rn,mlp_c_proj,all,0/1,11,62.52,9247.23,1
sublayer,scoped,rn,mlp_c_proj,all,0/1,11,62.52,9256.54,2
sublayer,scoped,rn,mlp_c_proj,all,0/1,11,62.52,7888.21,3
sublayer,scoped,rn,mlp_c_proj,all,0/1,11,62.52,9196.17,4
sublayer,scoped,rn,mlp_c_proj,all,0/1,11,62.52,8767.6,5
sublayer,scoped,sr,mlp_c_proj,all,0/1,11,62.53,10045.49,1
sublayer,scoped,sr,mlp_c_proj,all,0/1,11,62.52,10032.23,2
sublayer,scoped,sr,mlp_c_proj,all,0/1,11,62.46,9946.43,3
sublayer,scoped,sr,mlp_c_proj,all,0/1,11,62.51,9950.99,4
sublayer,scoped,sr,mlp_c_proj,all,0/1,11,62.55,10158.92,5
sublayer,scoped,rn,mlp_c_proj,all,0/1,12,62.52,9362.18,1
sublayer,scoped,rn,mlp_c_proj,all,0/1,12,62.52,9257.44,2
sublayer,scoped,rn,mlp_c_proj,all,0/1,12,62.52,9115.55,3
sublayer,scoped,rn,mlp_c_proj,all,0/1,12,62.52,9111.11,4
sublayer,scoped,rn,mlp_c_proj,all,0/1,12,62.52,8761.57,5
sublayer,scoped,sr,mlp_c_proj,all,0/1,12,62.54,10013.01,1
sublayer,scoped,sr,mlp_c_proj,all,0/1,12,62.52,10061.67,2
sublayer,scoped,sr,mlp_c_proj,all,0/1,12,62.53,10009.97,3
sublayer,scoped,sr,mlp_c_proj,all,0/1,12,62.51,10098.64,4
sublayer,scoped,sr,mlp_c_proj,all,0/1,12,62.51,10180.71,5
sublayer,scoped,rn,mlp_c_proj,all,0/1,13,62.52,9106.64,1
sublayer,scoped,rn,mlp_c_proj,all,0/1,13,62.52,8811.04,2
sublayer,scoped,rn,mlp_c_proj,all,0/1,13,62.52,9063.11,3
sublayer,scoped,rn,mlp_c_proj,all,0/1,13,62.52,9078.25,4
sublayer,scoped,rn,mlp_c_proj,all,0/1,13,62.52,8753.93,5
sublayer,scoped,sr,mlp_c_proj,all,0/1,13,62.52,9992.02,1
sublayer,scoped,sr,mlp_c_proj,all,0/1,13,62.52,9989.36,2
sublayer,scoped,sr,mlp_c_proj,all,0/1,13,62.5,9988.32,3
sublayer,scoped,sr,mlp_c_proj,all,0/1,13,62.51,10049.56,4
sublayer,scoped,sr,mlp_c_proj,all,0/1,13,62.52,10054.84,5
sublayer,scoped,rn,mlp_c_proj,all,0/1,14,62.51,9252.06,1
sublayer,scoped,rn,mlp_c_proj,all,0/1,14,62.51,9102.16,2
sublayer,scoped,rn,mlp_c_proj,all,0/1,14,62.51,7907.55,3
sublayer,scoped,rn,mlp_c_proj,all,0/1,14,62.51,9198.64,4
sublayer,scoped,rn,mlp_c_proj,all,0/1,14,62.51,9139.81,5
sublayer,scoped,sr,mlp_c_proj,all,0/1,14,62.52,10114.2,1
sublayer,scoped,sr,mlp_c_proj,all,0/1,14,62.51,10001.15,2
sublayer,scoped,sr,mlp_c_proj,all,0/1,14,62.51,10177.34,3
sublayer,scoped,sr,mlp_c_proj,all,0/1,14,62.51,10006.08,4
sublayer,scoped,sr,mlp_c_proj,all,0/1,14,62.52,10014.4,5
